Country,Country Code,Region,Year,GDP
Albania,ALB,Emerging and Developing Europe,2014,13228147516
Albania,ALB,Emerging and Developing Europe,2015,11386850130
Albania,ALB,Emerging and Developing Europe,2016,11861199831
Albania,ALB,Emerging and Developing Europe,2017,13019689337
Albania,ALB,Emerging and Developing Europe,2018,15156432310
Albania,ALB,Emerging and Developing Europe,2019,15401830754
Albania,ALB,Emerging and Developing Europe,2020,15131866271
Albania,ALB,Emerging and Developing Europe,2021,18255787479
Albania,ALB,Emerging and Developing Europe,2022,18255787479
Albania,ALB,Emerging and Developing Europe,2023,18255787479
Algeria,DZA,"Middle East, North Africa and Pakistan",2014,2.1381E+11
Algeria,DZA,"Middle East, North Africa and Pakistan",2015,1.65979E+11
Algeria,DZA,"Middle East, North Africa and Pakistan",2016,1.60034E+11
Algeria,DZA,"Middle East, North Africa and Pakistan",2017,1.70097E+11
Algeria,DZA,"Middle East, North Africa and Pakistan",2018,1.74911E+11
Algeria,DZA,"Middle East, North Africa and Pakistan",2019,1.71767E+11
Algeria,DZA,"Middle East, North Africa and Pakistan",2020,1.45009E+11
Algeria,DZA,"Middle East, North Africa and Pakistan",2021,1.63044E+11
Algeria,DZA,"Middle East, North Africa and Pakistan",2022,1.63044E+11
Algeria,DZA,"Middle East, North Africa and Pakistan",2023,1.63044E+11
Angola,AGO,Sub-Saharan Africa,2014,1.37244E+11
Angola,AGO,Sub-Saharan Africa,2015,87219300385
Angola,AGO,Sub-Saharan Africa,2016,49840491178
Angola,AGO,Sub-Saharan Africa,2017,68972769396
Angola,AGO,Sub-Saharan Africa,2018,77792944472
Angola,AGO,Sub-Saharan Africa,2019,69309110146
Angola,AGO,Sub-Saharan Africa,2020,53619073505
Angola,AGO,Sub-Saharan Africa,2021,67404287260
Angola,AGO,Sub-Saharan Africa,2022,67404287260
Angola,AGO,Sub-Saharan Africa,2023,67404287260
Argentina,ARG,Latin America and the Caribbean,2014,5.2632E+11
Argentina,ARG,Latin America and the Caribbean,2015,5.94749E+11
Argentina,ARG,Latin America and the Caribbean,2016,5.57531E+11
Argentina,ARG,Latin America and the Caribbean,2017,6.43629E+11
Argentina,ARG,Latin America and the Caribbean,2018,5.2482E+11
Argentina,ARG,Latin America and the Caribbean,2019,4.47755E+11
Argentina,ARG,Latin America and the Caribbean,2020,3.8554E+11
Argentina,ARG,Latin America and the Caribbean,2021,4.87227E+11
Argentina,ARG,Latin America and the Caribbean,2022,4.87227E+11
Argentina,ARG,Latin America and the Caribbean,2023,4.87227E+11
Armenia,ARM,Commonwealth of Independent States,2014,11609512940
Armenia,ARM,Commonwealth of Independent States,2015,10553337673
Armenia,ARM,Commonwealth of Independent States,2016,10546135160
Armenia,ARM,Commonwealth of Independent States,2017,11527458566
Armenia,ARM,Commonwealth of Independent States,2018,12457941907
Armenia,ARM,Commonwealth of Independent States,2019,13619291361
Armenia,ARM,Commonwealth of Independent States,2020,12641697523
Armenia,ARM,Commonwealth of Independent States,2021,13861409969
Armenia,ARM,Commonwealth of Independent States,2022,13861409969
Armenia,ARM,Commonwealth of Independent States,2023,13861409969
Australia,AUS,Advanced Economies,2014,1.46755E+12
Australia,AUS,Advanced Economies,2015,1.35062E+12
Australia,AUS,Advanced Economies,2016,1.20654E+12
Australia,AUS,Advanced Economies,2017,1.32652E+12
Australia,AUS,Advanced Economies,2018,1.42829E+12
Australia,AUS,Advanced Economies,2019,1.39223E+12
Australia,AUS,Advanced Economies,2020,1.3269E+12
Australia,AUS,Advanced Economies,2021,1.55267E+12
Australia,AUS,Advanced Economies,2022,1.55267E+12
Australia,AUS,Advanced Economies,2023,1.55267E+12
Austria,AUT,Advanced Economies,2014,4.42585E+11
Austria,AUT,Advanced Economies,2015,3.81971E+11
Austria,AUT,Advanced Economies,2016,3.95837E+11
Austria,AUT,Advanced Economies,2017,4.17261E+11
Austria,AUT,Advanced Economies,2018,4.54991E+11
Austria,AUT,Advanced Economies,2019,4.44621E+11
Austria,AUT,Advanced Economies,2020,4.35225E+11
Austria,AUT,Advanced Economies,2021,4.80368E+11
Austria,AUT,Advanced Economies,2022,4.80368E+11
Austria,AUT,Advanced Economies,2023,4.80368E+11
Azerbaijan,AZE,Commonwealth of Independent States,2014,75244294275
Azerbaijan,AZE,Commonwealth of Independent States,2015,53074370486
Azerbaijan,AZE,Commonwealth of Independent States,2016,37867518957
Azerbaijan,AZE,Commonwealth of Independent States,2017,40865558912
Azerbaijan,AZE,Commonwealth of Independent States,2018,47112941176
Azerbaijan,AZE,Commonwealth of Independent States,2019,48174235294
Azerbaijan,AZE,Commonwealth of Independent States,2020,42693000000
Azerbaijan,AZE,Commonwealth of Independent States,2021,54622176471
Azerbaijan,AZE,Commonwealth of Independent States,2022,54622176471
Azerbaijan,AZE,Commonwealth of Independent States,2023,54622176471
Bahrain,BHR,"Middle East, North Africa and Pakistan",2014,33387712766
Bahrain,BHR,"Middle East, North Africa and Pakistan",2015,31050638298
Bahrain,BHR,"Middle East, North Africa and Pakistan",2016,32234973404
Bahrain,BHR,"Middle East, North Africa and Pakistan",2017,35473776596
Bahrain,BHR,"Middle East, North Africa and Pakistan",2018,37802005319
Bahrain,BHR,"Middle East, North Africa and Pakistan",2019,38653318085
Bahrain,BHR,"Middle East, North Africa and Pakistan",2020,34723357447
Bahrain,BHR,"Middle East, North Africa and Pakistan",2021,38868663032
Bahrain,BHR,"Middle East, North Africa and Pakistan",2022,38868663032
Bahrain,BHR,"Middle East, North Africa and Pakistan",2023,38868663032
Bangladesh,BGD,Emerging and Developing Asia,2014,1.72885E+11
Bangladesh,BGD,Emerging and Developing Asia,2015,1.95079E+11
Bangladesh,BGD,Emerging and Developing Asia,2016,2.65236E+11
Bangladesh,BGD,Emerging and Developing Asia,2017,2.93755E+11
Bangladesh,BGD,Emerging and Developing Asia,2018,3.21379E+11
Bangladesh,BGD,Emerging and Developing Asia,2019,3.51238E+11
Bangladesh,BGD,Emerging and Developing Asia,2020,3.73902E+11
Bangladesh,BGD,Emerging and Developing Asia,2021,4.16265E+11
Bangladesh,BGD,Emerging and Developing Asia,2022,4.16265E+11
Bangladesh,BGD,Emerging and Developing Asia,2023,4.16265E+11
Belgium,BEL,Advanced Economies,2014,5.3539E+11
Belgium,BEL,Advanced Economies,2015,4.62336E+11
Belgium,BEL,Advanced Economies,2016,4.76063E+11
Belgium,BEL,Advanced Economies,2017,5.02765E+11
Belgium,BEL,Advanced Economies,2018,5.43299E+11
Belgium,BEL,Advanced Economies,2019,5.35831E+11
Belgium,BEL,Advanced Economies,2020,5.25212E+11
Belgium,BEL,Advanced Economies,2021,5.94104E+11
Belgium,BEL,Advanced Economies,2022,5.94104E+11
Belgium,BEL,Advanced Economies,2023,5.94104E+11
Bolivia,BOL,Latin America and the Caribbean,2014,32996188017
Bolivia,BOL,Latin America and the Caribbean,2015,33000198248
Bolivia,BOL,Latin America and the Caribbean,2016,33941126200
Bolivia,BOL,Latin America and the Caribbean,2017,37508642165
Bolivia,BOL,Latin America and the Caribbean,2018,40287647930
Bolivia,BOL,Latin America and the Caribbean,2019,40895322844
Bolivia,BOL,Latin America and the Caribbean,2020,36629843805
Bolivia,BOL,Latin America and the Caribbean,2021,40408208528
Bolivia,BOL,Latin America and the Caribbean,2022,40408208528
Bolivia,BOL,Latin America and the Caribbean,2023,40408208528
Bosnia and Herzegovina,BIH,Emerging and Developing Europe,2014,18558343305
Bosnia and Herzegovina,BIH,Emerging and Developing Europe,2015,16211541593
Bosnia and Herzegovina,BIH,Emerging and Developing Europe,2016,16913330977
Bosnia and Herzegovina,BIH,Emerging and Developing Europe,2017,18080118186
Bosnia and Herzegovina,BIH,Emerging and Developing Europe,2018,20183510863
Bosnia and Herzegovina,BIH,Emerging and Developing Europe,2019,20202479538
Bosnia and Herzegovina,BIH,Emerging and Developing Europe,2020,19950471171
Bosnia and Herzegovina,BIH,Emerging and Developing Europe,2021,23365361635
Bosnia and Herzegovina,BIH,Emerging and Developing Europe,2022,23365361635
Bosnia and Herzegovina,BIH,Emerging and Developing Europe,2023,23365361635
Botswana,BWA,Sub-Saharan Africa,2014,15470059202
Botswana,BWA,Sub-Saharan Africa,2015,13530738158
Botswana,BWA,Sub-Saharan Africa,2016,15082579074
Botswana,BWA,Sub-Saharan Africa,2017,16105182316
Botswana,BWA,Sub-Saharan Africa,2018,17031901441
Botswana,BWA,Sub-Saharan Africa,2019,16695928793
Botswana,BWA,Sub-Saharan Africa,2020,14930072459
Botswana,BWA,Sub-Saharan Africa,2021,17614791266
Botswana,BWA,Sub-Saharan Africa,2022,17614791266
Botswana,BWA,Sub-Saharan Africa,2023,17614791266
Brazil,BRA,Latin America and the Caribbean,2014,2.45599E+12
Brazil,BRA,Latin America and the Caribbean,2015,1.80221E+12
Brazil,BRA,Latin America and the Caribbean,2016,1.7957E+12
Brazil,BRA,Latin America and the Caribbean,2017,2.06351E+12
Brazil,BRA,Latin America and the Caribbean,2018,1.91695E+12
Brazil,BRA,Latin America and the Caribbean,2019,1.87327E+12
Brazil,BRA,Latin America and the Caribbean,2020,1.44856E+12
Brazil,BRA,Latin America and the Caribbean,2021,1.60898E+12
Brazil,BRA,Latin America and the Caribbean,2022,1.60898E+12
Brazil,BRA,Latin America and the Caribbean,2023,1.60898E+12
Brunei Darussalam,BRN,Emerging and Developing Asia,2014,17098342541
Brunei Darussalam,BRN,Emerging and Developing Asia,2015,12930394938
Brunei Darussalam,BRN,Emerging and Developing Asia,2016,11400854268
Brunei Darussalam,BRN,Emerging and Developing Asia,2017,12128104859
Brunei Darussalam,BRN,Emerging and Developing Asia,2018,13567351175
Brunei Darussalam,BRN,Emerging and Developing Asia,2019,13469422959
Brunei Darussalam,BRN,Emerging and Developing Asia,2020,12005825759
Brunei Darussalam,BRN,Emerging and Developing Asia,2021,14006569576
Brunei Darussalam,BRN,Emerging and Developing Asia,2022,14006569576
Brunei Darussalam,BRN,Emerging and Developing Asia,2023,14006569576
Bulgaria,BGR,Emerging and Developing Europe,2014,57082011260
Bulgaria,BGR,Emerging and Developing Europe,2015,50781996713
Bulgaria,BGR,Emerging and Developing Europe,2016,53953897624
Bulgaria,BGR,Emerging and Developing Europe,2017,59199447421
Bulgaria,BGR,Emerging and Developing Europe,2018,66363537115
Bulgaria,BGR,Emerging and Developing Europe,2019,68915875215
Bulgaria,BGR,Emerging and Developing Europe,2020,70240275010
Bulgaria,BGR,Emerging and Developing Europe,2021,84056312734
Bulgaria,BGR,Emerging and Developing Europe,2022,84056312734
Bulgaria,BGR,Emerging and Developing Europe,2023,84056312734
Cambodia,KHM,Emerging and Developing Asia,2014,16702610842
Cambodia,KHM,Emerging and Developing Asia,2015,18049954289
Cambodia,KHM,Emerging and Developing Asia,2016,20016747754
Cambodia,KHM,Emerging and Developing Asia,2017,22177200512
Cambodia,KHM,Emerging and Developing Asia,2018,24571753583
Cambodia,KHM,Emerging and Developing Asia,2019,27089389787
Cambodia,KHM,Emerging and Developing Asia,2020,25872798012
Cambodia,KHM,Emerging and Developing Asia,2021,26961061120
Cambodia,KHM,Emerging and Developing Asia,2022,26961061120
Cambodia,KHM,Emerging and Developing Asia,2023,26961061120
Cameroon,CMR,Sub-Saharan Africa,2014,36386546918
Cameroon,CMR,Sub-Saharan Africa,2015,32210232912
Cameroon,CMR,Sub-Saharan Africa,2016,33814337900
Cameroon,CMR,Sub-Saharan Africa,2017,36098550142
Cameroon,CMR,Sub-Saharan Africa,2018,39973839065
Cameroon,CMR,Sub-Saharan Africa,2019,39670977333
Cameroon,CMR,Sub-Saharan Africa,2020,40773241531
Cameroon,CMR,Sub-Saharan Africa,2021,45338283345
Cameroon,CMR,Sub-Saharan Africa,2022,45338283345
Cameroon,CMR,Sub-Saharan Africa,2023,45338283345
Canada,CAN,Advanced Economies,2014,1.80575E+12
Canada,CAN,Advanced Economies,2015,1.55651E+12
Canada,CAN,Advanced Economies,2016,1.52799E+12
Canada,CAN,Advanced Economies,2017,1.64927E+12
Canada,CAN,Advanced Economies,2018,1.72533E+12
Canada,CAN,Advanced Economies,2019,1.74202E+12
Canada,CAN,Advanced Economies,2020,1.64542E+12
Canada,CAN,Advanced Economies,2021,1.98834E+12
Canada,CAN,Advanced Economies,2022,1.98834E+12
Canada,CAN,Advanced Economies,2023,1.98834E+12
Chile,CHL,Latin America and the Caribbean,2014,2.59405E+11
Chile,CHL,Latin America and the Caribbean,2015,2.42497E+11
Chile,CHL,Latin America and the Caribbean,2016,2.49299E+11
Chile,CHL,Latin America and the Caribbean,2017,2.76365E+11
Chile,CHL,Latin America and the Caribbean,2018,2.95403E+11
Chile,CHL,Latin America and the Caribbean,2019,2.78585E+11
Chile,CHL,Latin America and the Caribbean,2020,2.52727E+11
Chile,CHL,Latin America and the Caribbean,2021,3.17059E+11
Chile,CHL,Latin America and the Caribbean,2022,3.17059E+11
Chile,CHL,Latin America and the Caribbean,2023,3.17059E+11
China,CHN,Emerging and Developing Asia,2014,1.04757E+13
China,CHN,Emerging and Developing Asia,2015,1.10616E+13
China,CHN,Emerging and Developing Asia,2016,1.12333E+13
China,CHN,Emerging and Developing Asia,2017,1.23104E+13
China,CHN,Emerging and Developing Asia,2018,1.38948E+13
China,CHN,Emerging and Developing Asia,2019,1.42799E+13
China,CHN,Emerging and Developing Asia,2020,1.46877E+13
China,CHN,Emerging and Developing Asia,2021,1.77341E+13
China,CHN,Emerging and Developing Asia,2022,1.77341E+13
China,CHN,Emerging and Developing Asia,2023,1.77341E+13
Colombia,COL,Latin America and the Caribbean,2014,3.81112E+11
Colombia,COL,Latin America and the Caribbean,2015,2.93482E+11
Colombia,COL,Latin America and the Caribbean,2016,2.82825E+11
Colombia,COL,Latin America and the Caribbean,2017,3.11884E+11
Colombia,COL,Latin America and the Caribbean,2018,3.34198E+11
Colombia,COL,Latin America and the Caribbean,2019,3.2311E+11
Colombia,COL,Latin America and the Caribbean,2020,2.703E+11
Colombia,COL,Latin America and the Caribbean,2021,3.14464E+11
Colombia,COL,Latin America and the Caribbean,2022,3.14464E+11
Colombia,COL,Latin America and the Caribbean,2023,3.14464E+11
"Congo, Dem. Rep.",COD,Sub-Saharan Africa,2014,35909040266
"Congo, Dem. Rep.",COD,Sub-Saharan Africa,2015,37917704900
"Congo, Dem. Rep.",COD,Sub-Saharan Africa,2016,37134799975
"Congo, Dem. Rep.",COD,Sub-Saharan Africa,2017,38019265626
"Congo, Dem. Rep.",COD,Sub-Saharan Africa,2018,47568210069
"Congo, Dem. Rep.",COD,Sub-Saharan Africa,2019,51775830726
"Congo, Dem. Rep.",COD,Sub-Saharan Africa,2020,48716960860
"Congo, Dem. Rep.",COD,Sub-Saharan Africa,2021,55350968593
"Congo, Dem. Rep.",COD,Sub-Saharan Africa,2022,55350968593
"Congo, Dem. Rep.",COD,Sub-Saharan Africa,2023,55350968593
Costa Rica,CRI,Latin America and the Caribbean,2014,52016408951
Costa Rica,CRI,Latin America and the Caribbean,2015,56441917653
Costa Rica,CRI,Latin America and the Caribbean,2016,58847016045
Costa Rica,CRI,Latin America and the Caribbean,2017,60516043590
Costa Rica,CRI,Latin America and the Caribbean,2018,62420165100
Costa Rica,CRI,Latin America and the Caribbean,2019,64417670083
Costa Rica,CRI,Latin America and the Caribbean,2020,62158002233
Costa Rica,CRI,Latin America and the Caribbean,2021,64282438667
Costa Rica,CRI,Latin America and the Caribbean,2022,64282438667
Costa Rica,CRI,Latin America and the Caribbean,2023,64282438667
Cote d'Ivoire,CIV,Sub-Saharan Africa,2014,48843008580
Cote d'Ivoire,CIV,Sub-Saharan Africa,2015,45814637971
Cote d'Ivoire,CIV,Sub-Saharan Africa,2016,47964234560
Cote d'Ivoire,CIV,Sub-Saharan Africa,2017,51588158718
Cote d'Ivoire,CIV,Sub-Saharan Africa,2018,58011466451
Cote d'Ivoire,CIV,Sub-Saharan Africa,2019,58539424930
Cote d'Ivoire,CIV,Sub-Saharan Africa,2020,61348579465
Cote d'Ivoire,CIV,Sub-Saharan Africa,2021,70043191477
Cote d'Ivoire,CIV,Sub-Saharan Africa,2022,70043191477
Cote d'Ivoire,CIV,Sub-Saharan Africa,2023,70043191477
Croatia,HRV,Emerging and Developing Europe,2014,58423981441
Croatia,HRV,Emerging and Developing Europe,2015,50242783066
Croatia,HRV,Emerging and Developing Europe,2016,52397494687
Croatia,HRV,Emerging and Developing Europe,2017,56323836170
Croatia,HRV,Emerging and Developing Europe,2018,62316840750
Croatia,HRV,Emerging and Developing Europe,2019,62327983580
Croatia,HRV,Emerging and Developing Europe,2020,57472012427
Croatia,HRV,Emerging and Developing Europe,2021,68955083280
Croatia,HRV,Emerging and Developing Europe,2022,68955083280
Croatia,HRV,Emerging and Developing Europe,2023,68955083280
Cyprus,CYP,Advanced Economies,2014,23226782251
Cyprus,CYP,Advanced Economies,2015,19909190059
Cyprus,CYP,Advanced Economies,2016,21046951516
Cyprus,CYP,Advanced Economies,2017,22946726164
Cyprus,CYP,Advanced Economies,2018,25596474965
Cyprus,CYP,Advanced Economies,2019,25944504646
Cyprus,CYP,Advanced Economies,2020,25008448886
Cyprus,CYP,Advanced Economies,2021,28407867534
Cyprus,CYP,Advanced Economies,2022,28407867534
Cyprus,CYP,Advanced Economies,2023,28407867534
Czech Republic,CZE,Advanced Economies,2014,2.09359E+11
Czech Republic,CZE,Advanced Economies,2015,1.88033E+11
Czech Republic,CZE,Advanced Economies,2016,1.96272E+11
Czech Republic,CZE,Advanced Economies,2017,2.18629E+11
Czech Republic,CZE,Advanced Economies,2018,2.49001E+11
Czech Republic,CZE,Advanced Economies,2019,2.52548E+11
Czech Republic,CZE,Advanced Economies,2020,2.45975E+11
Czech Republic,CZE,Advanced Economies,2021,2.81778E+11
Czech Republic,CZE,Advanced Economies,2022,2.81778E+11
Czech Republic,CZE,Advanced Economies,2023,2.81778E+11
Denmark,DNK,Advanced Economies,2014,3.52994E+11
Denmark,DNK,Advanced Economies,2015,3.02673E+11
Denmark,DNK,Advanced Economies,2016,3.13116E+11
Denmark,DNK,Advanced Economies,2017,3.32121E+11
Denmark,DNK,Advanced Economies,2018,3.56841E+11
Denmark,DNK,Advanced Economies,2019,3.46499E+11
Denmark,DNK,Advanced Economies,2020,3.55222E+11
Denmark,DNK,Advanced Economies,2021,3.98303E+11
Denmark,DNK,Advanced Economies,2022,3.98303E+11
Denmark,DNK,Advanced Economies,2023,3.98303E+11
Dominican Republic,DOM,Latin America and the Caribbean,2014,67179914027
Dominican Republic,DOM,Latin America and the Caribbean,2015,71164825257
Dominican Republic,DOM,Latin America and the Caribbean,2016,75704720190
Dominican Republic,DOM,Latin America and the Caribbean,2017,79997975622
Dominican Republic,DOM,Latin America and the Caribbean,2018,85555378043
Dominican Republic,DOM,Latin America and the Caribbean,2019,88941299734
Dominican Republic,DOM,Latin America and the Caribbean,2020,78844702329
Dominican Republic,DOM,Latin America and the Caribbean,2021,94243453937
Dominican Republic,DOM,Latin America and the Caribbean,2022,94243453937
Dominican Republic,DOM,Latin America and the Caribbean,2023,94243453937
Ecuador,ECU,Latin America and the Caribbean,2014,1.01726E+11
Ecuador,ECU,Latin America and the Caribbean,2015,99290381000
Ecuador,ECU,Latin America and the Caribbean,2016,99937696000
Ecuador,ECU,Latin America and the Caribbean,2017,1.04296E+11
Ecuador,ECU,Latin America and the Caribbean,2018,1.07562E+11
Ecuador,ECU,Latin America and the Caribbean,2019,1.08108E+11
Ecuador,ECU,Latin America and the Caribbean,2020,99291124000
Ecuador,ECU,Latin America and the Caribbean,2021,1.06166E+11
Ecuador,ECU,Latin America and the Caribbean,2022,1.06166E+11
Ecuador,ECU,Latin America and the Caribbean,2023,1.06166E+11
"Egypt, Arab Rep.",EGY,"Middle East, North Africa and Pakistan",2014,3.05595E+11
"Egypt, Arab Rep.",EGY,"Middle East, North Africa and Pakistan",2015,3.29367E+11
"Egypt, Arab Rep.",EGY,"Middle East, North Africa and Pakistan",2016,3.32442E+11
"Egypt, Arab Rep.",EGY,"Middle East, North Africa and Pakistan",2017,2.35734E+11
"Egypt, Arab Rep.",EGY,"Middle East, North Africa and Pakistan",2018,2.49713E+11
"Egypt, Arab Rep.",EGY,"Middle East, North Africa and Pakistan",2019,3.03081E+11
"Egypt, Arab Rep.",EGY,"Middle East, North Africa and Pakistan",2020,3.65253E+11
"Egypt, Arab Rep.",EGY,"Middle East, North Africa and Pakistan",2021,4.04143E+11
"Egypt, Arab Rep.",EGY,"Middle East, North Africa and Pakistan",2022,4.04143E+11
"Egypt, Arab Rep.",EGY,"Middle East, North Africa and Pakistan",2023,4.04143E+11
El Salvador,SLV,Latin America and the Caribbean,2014,22593470000
El Salvador,SLV,Latin America and the Caribbean,2015,23438240000
El Salvador,SLV,Latin America and the Caribbean,2016,24191430000
El Salvador,SLV,Latin America and the Caribbean,2017,24979190000
El Salvador,SLV,Latin America and the Caribbean,2018,26020850000
El Salvador,SLV,Latin America and the Caribbean,2019,26881140000
El Salvador,SLV,Latin America and the Caribbean,2020,24563020000
El Salvador,SLV,Latin America and the Caribbean,2021,28736940000
El Salvador,SLV,Latin America and the Caribbean,2022,28736940000
El Salvador,SLV,Latin America and the Caribbean,2023,28736940000
Estonia,EST,Advanced Economies,2014,26634083965
Estonia,EST,Advanced Economies,2015,22890762090
Estonia,EST,Advanced Economies,2016,24072829277
Estonia,EST,Advanced Economies,2017,26924385103
Estonia,EST,Advanced Economies,2018,30624720196
Estonia,EST,Advanced Economies,2019,31081901909
Estonia,EST,Advanced Economies,2020,31370395573
Estonia,EST,Advanced Economies,2021,37191166152
Estonia,EST,Advanced Economies,2022,37191166152
Estonia,EST,Advanced Economies,2023,37191166152
Ethiopia,ETH,Sub-Saharan Africa,2014,55612228234
Ethiopia,ETH,Sub-Saharan Africa,2015,64589334979
Ethiopia,ETH,Sub-Saharan Africa,2016,74296618481
Ethiopia,ETH,Sub-Saharan Africa,2017,81770791971
Ethiopia,ETH,Sub-Saharan Africa,2018,84269348327
Ethiopia,ETH,Sub-Saharan Africa,2019,95912590628
Ethiopia,ETH,Sub-Saharan Africa,2020,1.07658E+11
Ethiopia,ETH,Sub-Saharan Africa,2021,1.11271E+11
Ethiopia,ETH,Sub-Saharan Africa,2022,1.11271E+11
Ethiopia,ETH,Sub-Saharan Africa,2023,1.11271E+11
Finland,FIN,Advanced Economies,2014,2.74863E+11
Finland,FIN,Advanced Economies,2015,2.34534E+11
Finland,FIN,Advanced Economies,2016,2.40771E+11
Finland,FIN,Advanced Economies,2017,2.55648E+11
Finland,FIN,Advanced Economies,2018,2.75708E+11
Finland,FIN,Advanced Economies,2019,2.68515E+11
Finland,FIN,Advanced Economies,2020,2.71892E+11
Finland,FIN,Advanced Economies,2021,2.97302E+11
Finland,FIN,Advanced Economies,2022,2.97302E+11
Finland,FIN,Advanced Economies,2023,2.97302E+11
France,FRA,Advanced Economies,2014,2.85596E+12
France,FRA,Advanced Economies,2015,2.43919E+12
France,FRA,Advanced Economies,2016,2.47296E+12
France,FRA,Advanced Economies,2017,2.59515E+12
France,FRA,Advanced Economies,2018,2.79096E+12
France,FRA,Advanced Economies,2019,2.72887E+12
France,FRA,Advanced Economies,2020,2.63901E+12
France,FRA,Advanced Economies,2021,2.95788E+12
France,FRA,Advanced Economies,2022,2.95788E+12
France,FRA,Advanced Economies,2023,2.95788E+12
Gabon,GAB,Sub-Saharan Africa,2014,18203968002
Gabon,GAB,Sub-Saharan Africa,2015,14383107714
Gabon,GAB,Sub-Saharan Africa,2016,14023890620
Gabon,GAB,Sub-Saharan Africa,2017,14929488771
Gabon,GAB,Sub-Saharan Africa,2018,16867326390
Gabon,GAB,Sub-Saharan Africa,2019,16874405460
Gabon,GAB,Sub-Saharan Africa,2020,15314577168
Gabon,GAB,Sub-Saharan Africa,2021,20216843174
Gabon,GAB,Sub-Saharan Africa,2022,20216843174
Gabon,GAB,Sub-Saharan Africa,2023,20216843174
Georgia,GEO,Commonwealth of Independent States,2014,17627003455
Georgia,GEO,Commonwealth of Independent States,2015,14953950557
Georgia,GEO,Commonwealth of Independent States,2016,15141758567
Georgia,GEO,Commonwealth of Independent States,2017,16242916916
Georgia,GEO,Commonwealth of Independent States,2018,17596922470
Georgia,GEO,Commonwealth of Independent States,2019,17470436259
Georgia,GEO,Commonwealth of Independent States,2020,15842922533
Georgia,GEO,Commonwealth of Independent States,2021,18629365597
Georgia,GEO,Commonwealth of Independent States,2022,18629365597
Georgia,GEO,Commonwealth of Independent States,2023,18629365597
Germany,DEU,Advanced Economies,2014,3.88909E+12
Germany,DEU,Advanced Economies,2015,3.35759E+12
Germany,DEU,Advanced Economies,2016,3.46985E+12
Germany,DEU,Advanced Economies,2017,3.69085E+12
Germany,DEU,Advanced Economies,2018,3.97444E+12
Germany,DEU,Advanced Economies,2019,3.88823E+12
Germany,DEU,Advanced Economies,2020,3.88967E+12
Germany,DEU,Advanced Economies,2021,4.25993E+12
Germany,DEU,Advanced Economies,2022,4.25993E+12
Germany,DEU,Advanced Economies,2023,4.25993E+12
Ghana,GHA,Sub-Saharan Africa,2014,54782847753
Ghana,GHA,Sub-Saharan Africa,2015,49406568433
Ghana,GHA,Sub-Saharan Africa,2016,56165172899
Ghana,GHA,Sub-Saharan Africa,2017,60406382899
Ghana,GHA,Sub-Saharan Africa,2018,67299280680
Ghana,GHA,Sub-Saharan Africa,2019,68337537816
Ghana,GHA,Sub-Saharan Africa,2020,70043199814
Ghana,GHA,Sub-Saharan Africa,2021,77594279055
Ghana,GHA,Sub-Saharan Africa,2022,77594279055
Ghana,GHA,Sub-Saharan Africa,2023,77594279055
Greece,GRC,Advanced Economies,2014,2.35458E+11
Greece,GRC,Advanced Economies,2015,1.95684E+11
Greece,GRC,Advanced Economies,2016,1.93148E+11
Greece,GRC,Advanced Economies,2017,1.99844E+11
Greece,GRC,Advanced Economies,2018,2.12049E+11
Greece,GRC,Advanced Economies,2019,2.05257E+11
Greece,GRC,Advanced Economies,2020,1.88926E+11
Greece,GRC,Advanced Economies,2021,2.14874E+11
Greece,GRC,Advanced Economies,2022,2.14874E+11
Greece,GRC,Advanced Economies,2023,2.14874E+11
Guatemala,GTM,Latin America and the Caribbean,2014,57852399964
Guatemala,GTM,Latin America and the Caribbean,2015,62186186576
Guatemala,GTM,Latin America and the Caribbean,2016,66053725049
Guatemala,GTM,Latin America and the Caribbean,2017,71654134379
Guatemala,GTM,Latin America and the Caribbean,2018,73328024537
Guatemala,GTM,Latin America and the Caribbean,2019,77170421168
Guatemala,GTM,Latin America and the Caribbean,2020,77625486978
Guatemala,GTM,Latin America and the Caribbean,2021,85985752107
Guatemala,GTM,Latin America and the Caribbean,2022,85985752107
Guatemala,GTM,Latin America and the Caribbean,2023,85985752107
Honduras,HND,Latin America and the Caribbean,2014,19756494435
Honduras,HND,Latin America and the Caribbean,2015,20979767785
Honduras,HND,Latin America and the Caribbean,2016,21717622071
Honduras,HND,Latin America and the Caribbean,2017,23136232230
Honduras,HND,Latin America and the Caribbean,2018,24067778954
Honduras,HND,Latin America and the Caribbean,2019,25089976947
Honduras,HND,Latin America and the Caribbean,2020,23827840810
Honduras,HND,Latin America and the Caribbean,2021,28488668302
Honduras,HND,Latin America and the Caribbean,2022,28488668302
Honduras,HND,Latin America and the Caribbean,2023,28488668302
Hungary,HUN,Emerging and Developing Europe,2014,1.41034E+11
Hungary,HUN,Emerging and Developing Europe,2015,1.25174E+11
Hungary,HUN,Emerging and Developing Europe,2016,1.2861E+11
Hungary,HUN,Emerging and Developing Europe,2017,1.43112E+11
Hungary,HUN,Emerging and Developing Europe,2018,1.60565E+11
Hungary,HUN,Emerging and Developing Europe,2019,1.63989E+11
Hungary,HUN,Emerging and Developing Europe,2020,1.57182E+11
Hungary,HUN,Emerging and Developing Europe,2021,1.81848E+11
Hungary,HUN,Emerging and Developing Europe,2022,1.81848E+11
Hungary,HUN,Emerging and Developing Europe,2023,1.81848E+11
Iceland,ISL,Advanced Economies,2014,17867662178
Iceland,ISL,Advanced Economies,2015,17517210519
Iceland,ISL,Advanced Economies,2016,20793168031
Iceland,ISL,Advanced Economies,2017,24728285177
Iceland,ISL,Advanced Economies,2018,26264127687
Iceland,ISL,Advanced Economies,2019,24826102120
Iceland,ISL,Advanced Economies,2020,21694674810
Iceland,ISL,Advanced Economies,2021,25602419210
Iceland,ISL,Advanced Economies,2022,25602419210
Iceland,ISL,Advanced Economies,2023,25602419210
India,IND,Emerging and Developing Asia,2014,2.03913E+12
India,IND,Emerging and Developing Asia,2015,2.10359E+12
India,IND,Emerging and Developing Asia,2016,2.2948E+12
India,IND,Emerging and Developing Asia,2017,2.65147E+12
India,IND,Emerging and Developing Asia,2018,2.70293E+12
India,IND,Emerging and Developing Asia,2019,2.83155E+12
India,IND,Emerging and Developing Asia,2020,2.66769E+12
India,IND,Emerging and Developing Asia,2021,3.1763E+12
India,IND,Emerging and Developing Asia,2022,3.1763E+12
India,IND,Emerging and Developing Asia,2023,3.1763E+12
Indonesia,IDN,Emerging and Developing Asia,2014,8.90815E+11
Indonesia,IDN,Emerging and Developing Asia,2015,8.60854E+11
Indonesia,IDN,Emerging and Developing Asia,2016,9.31877E+11
Indonesia,IDN,Emerging and Developing Asia,2017,1.01562E+12
Indonesia,IDN,Emerging and Developing Asia,2018,1.04227E+12
Indonesia,IDN,Emerging and Developing Asia,2019,1.1191E+12
Indonesia,IDN,Emerging and Developing Asia,2020,1.05869E+12
Indonesia,IDN,Emerging and Developing Asia,2021,1.18609E+12
Indonesia,IDN,Emerging and Developing Asia,2022,1.18609E+12
Indonesia,IDN,Emerging and Developing Asia,2023,1.18609E+12
"Iran, Islamic Rep.",IRN,"Middle East, North Africa and Pakistan",2014,4.60383E+11
"Iran, Islamic Rep.",IRN,"Middle East, North Africa and Pakistan",2015,4.08213E+11
"Iran, Islamic Rep.",IRN,"Middle East, North Africa and Pakistan",2016,4.57955E+11
"Iran, Islamic Rep.",IRN,"Middle East, North Africa and Pakistan",2017,4.8663E+11
"Iran, Islamic Rep.",IRN,"Middle East, North Africa and Pakistan",2018,3.31682E+11
"Iran, Islamic Rep.",IRN,"Middle East, North Africa and Pakistan",2019,2.83747E+11
"Iran, Islamic Rep.",IRN,"Middle East, North Africa and Pakistan",2020,2.39736E+11
"Iran, Islamic Rep.",IRN,"Middle East, North Africa and Pakistan",2021,3.59713E+11
"Iran, Islamic Rep.",IRN,"Middle East, North Africa and Pakistan",2022,3.59713E+11
"Iran, Islamic Rep.",IRN,"Middle East, North Africa and Pakistan",2023,3.59713E+11
Ireland,IRL,Advanced Economies,2014,2.59171E+11
Ireland,IRL,Advanced Economies,2015,2.91775E+11
Ireland,IRL,Advanced Economies,2016,2.99091E+11
Ireland,IRL,Advanced Economies,2017,3.36378E+11
Ireland,IRL,Advanced Economies,2018,3.85737E+11
Ireland,IRL,Advanced Economies,2019,3.99322E+11
Ireland,IRL,Advanced Economies,2020,4.25852E+11
Ireland,IRL,Advanced Economies,2021,5.04183E+11
Ireland,IRL,Advanced Economies,2022,5.04183E+11
Ireland,IRL,Advanced Economies,2023,5.04183E+11
Israel,ISR,Advanced Economies,2014,3.1433E+11
Israel,ISR,Advanced Economies,2015,3.03414E+11
Israel,ISR,Advanced Economies,2016,3.22103E+11
Israel,ISR,Advanced Economies,2017,3.58245E+11
Israel,ISR,Advanced Economies,2018,3.76692E+11
Israel,ISR,Advanced Economies,2019,4.02471E+11
Israel,ISR,Advanced Economies,2020,4.13268E+11
Israel,ISR,Advanced Economies,2021,4.88527E+11
Israel,ISR,Advanced Economies,2022,4.88527E+11
Israel,ISR,Advanced Economies,2023,4.88527E+11
Italy,ITA,Advanced Economies,2014,2.16201E+12
Italy,ITA,Advanced Economies,2015,1.83664E+12
Italy,ITA,Advanced Economies,2016,1.87707E+12
Italy,ITA,Advanced Economies,2017,1.9618E+12
Italy,ITA,Advanced Economies,2018,2.09193E+12
Italy,ITA,Advanced Economies,2019,2.0113E+12
Italy,ITA,Advanced Economies,2020,1.89676E+12
Italy,ITA,Advanced Economies,2021,2.1077E+12
Italy,ITA,Advanced Economies,2022,2.1077E+12
Italy,ITA,Advanced Economies,2023,2.1077E+12
Jamaica,JAM,Latin America and the Caribbean,2014,13899228824
Jamaica,JAM,Latin America and the Caribbean,2015,14188935948
Jamaica,JAM,Latin America and the Caribbean,2016,14077109397
Jamaica,JAM,Latin America and the Caribbean,2017,14808989993
Jamaica,JAM,Latin America and the Caribbean,2018,15730793853
Jamaica,JAM,Latin America and the Caribbean,2019,15830768550
Jamaica,JAM,Latin America and the Caribbean,2020,13812425037
Jamaica,JAM,Latin America and the Caribbean,2021,14657586937
Jamaica,JAM,Latin America and the Caribbean,2022,14657586937
Jamaica,JAM,Latin America and the Caribbean,2023,14657586937
Japan,JPN,Advanced Economies,2014,4.89699E+12
Japan,JPN,Advanced Economies,2015,4.44493E+12
Japan,JPN,Advanced Economies,2016,5.00368E+12
Japan,JPN,Advanced Economies,2017,4.93084E+12
Japan,JPN,Advanced Economies,2018,5.03784E+12
Japan,JPN,Advanced Economies,2019,5.12332E+12
Japan,JPN,Advanced Economies,2020,5.04011E+12
Japan,JPN,Advanced Economies,2021,4.94088E+12
Japan,JPN,Advanced Economies,2022,4.94088E+12
Japan,JPN,Advanced Economies,2023,4.94088E+12
Jordan,JOR,"Middle East, North Africa and Pakistan",2014,36847643587
Jordan,JOR,"Middle East, North Africa and Pakistan",2015,38587017944
Jordan,JOR,"Middle East, North Africa and Pakistan",2016,39892551149
Jordan,JOR,"Middle East, North Africa and Pakistan",2017,41608435922
Jordan,JOR,"Middle East, North Africa and Pakistan",2018,43370860549
Jordan,JOR,"Middle East, North Africa and Pakistan",2019,44993992365
Jordan,JOR,"Middle East, North Africa and Pakistan",2020,44182298292
Jordan,JOR,"Middle East, North Africa and Pakistan",2021,45744271659
Jordan,JOR,"Middle East, North Africa and Pakistan",2022,45744271659
Jordan,JOR,"Middle East, North Africa and Pakistan",2023,45744271659
Kazakhstan,KAZ,Commonwealth of Independent States,2014,2.21416E+11
Kazakhstan,KAZ,Commonwealth of Independent States,2015,1.84388E+11
Kazakhstan,KAZ,Commonwealth of Independent States,2016,1.37278E+11
Kazakhstan,KAZ,Commonwealth of Independent States,2017,1.66806E+11
Kazakhstan,KAZ,Commonwealth of Independent States,2018,1.7934E+11
Kazakhstan,KAZ,Commonwealth of Independent States,2019,1.81667E+11
Kazakhstan,KAZ,Commonwealth of Independent States,2020,1.71082E+11
Kazakhstan,KAZ,Commonwealth of Independent States,2021,1.97112E+11
Kazakhstan,KAZ,Commonwealth of Independent States,2022,1.97112E+11
Kazakhstan,KAZ,Commonwealth of Independent States,2023,1.97112E+11
Kenya,KEN,Sub-Saharan Africa,2014,68285768554
Kenya,KEN,Sub-Saharan Africa,2015,70120413329
Kenya,KEN,Sub-Saharan Africa,2016,74815121315
Kenya,KEN,Sub-Saharan Africa,2017,82035800868
Kenya,KEN,Sub-Saharan Africa,2018,92202956321
Kenya,KEN,Sub-Saharan Africa,2019,1.0038E+11
Kenya,KEN,Sub-Saharan Africa,2020,1.00667E+11
Kenya,KEN,Sub-Saharan Africa,2021,1.10347E+11
Kenya,KEN,Sub-Saharan Africa,2022,1.10347E+11
Kenya,KEN,Sub-Saharan Africa,2023,1.10347E+11
"Korea, Rep.",KOR,Advanced Economies,2014,1.48432E+12
"Korea, Rep.",KOR,Advanced Economies,2015,1.46577E+12
"Korea, Rep.",KOR,Advanced Economies,2016,1.50011E+12
"Korea, Rep.",KOR,Advanced Economies,2017,1.6239E+12
"Korea, Rep.",KOR,Advanced Economies,2018,1.72485E+12
"Korea, Rep.",KOR,Advanced Economies,2019,1.65142E+12
"Korea, Rep.",KOR,Advanced Economies,2020,1.64431E+12
"Korea, Rep.",KOR,Advanced Economies,2021,1.81096E+12
"Korea, Rep.",KOR,Advanced Economies,2022,1.81096E+12
"Korea, Rep.",KOR,Advanced Economies,2023,1.81096E+12
Kuwait,KWT,"Middle East, North Africa and Pakistan",2014,1.62631E+11
Kuwait,KWT,"Middle East, North Africa and Pakistan",2015,1.14567E+11
Kuwait,KWT,"Middle East, North Africa and Pakistan",2016,1.0942E+11
Kuwait,KWT,"Middle East, North Africa and Pakistan",2017,1.20707E+11
Kuwait,KWT,"Middle East, North Africa and Pakistan",2018,1.38182E+11
Kuwait,KWT,"Middle East, North Africa and Pakistan",2019,1.36197E+11
Kuwait,KWT,"Middle East, North Africa and Pakistan",2020,1.0596E+11
Kuwait,KWT,"Middle East, North Africa and Pakistan",2021,1.0596E+11
Kuwait,KWT,"Middle East, North Africa and Pakistan",2022,1.0596E+11
Kuwait,KWT,"Middle East, North Africa and Pakistan",2023,1.0596E+11
Kyrgyz Republic,KGZ,Commonwealth of Independent States,2014,7468096567
Kyrgyz Republic,KGZ,Commonwealth of Independent States,2015,6678178340
Kyrgyz Republic,KGZ,Commonwealth of Independent States,2016,6813092066
Kyrgyz Republic,KGZ,Commonwealth of Independent States,2017,7702934800
Kyrgyz Republic,KGZ,Commonwealth of Independent States,2018,8271108638
Kyrgyz Republic,KGZ,Commonwealth of Independent States,2019,8871026074
Kyrgyz Republic,KGZ,Commonwealth of Independent States,2020,7780874537
Kyrgyz Republic,KGZ,Commonwealth of Independent States,2021,8543423503
Kyrgyz Republic,KGZ,Commonwealth of Independent States,2022,8543423503
Kyrgyz Republic,KGZ,Commonwealth of Independent States,2023,8543423503
Lao PDR,LAO,Emerging and Developing Asia,2014,13279248479
Lao PDR,LAO,Emerging and Developing Asia,2015,14426381187
Lao PDR,LAO,Emerging and Developing Asia,2016,15912495369
Lao PDR,LAO,Emerging and Developing Asia,2017,17071162084
Lao PDR,LAO,Emerging and Developing Asia,2018,18141651381
Lao PDR,LAO,Emerging and Developing Asia,2019,18740559554
Lao PDR,LAO,Emerging and Developing Asia,2020,18981800705
Lao PDR,LAO,Emerging and Developing Asia,2021,18827148510
Lao PDR,LAO,Emerging and Developing Asia,2022,18827148510
Lao PDR,LAO,Emerging and Developing Asia,2023,18827148510
Latvia,LVA,Emerging and Developing Europe,2014,31386896487
Latvia,LVA,Emerging and Developing Europe,2015,27263090547
Latvia,LVA,Emerging and Developing Europe,2016,28083597512
Latvia,LVA,Emerging and Developing Europe,2017,30483806018
Latvia,LVA,Emerging and Developing Europe,2018,34429023435
Latvia,LVA,Emerging and Developing Europe,2019,34343961073
Latvia,LVA,Emerging and Developing Europe,2020,34601740323
Latvia,LVA,Emerging and Developing Europe,2021,39853501580
Latvia,LVA,Emerging and Developing Europe,2022,39853501580
Latvia,LVA,Emerging and Developing Europe,2023,39853501580
Lebanon,LBN,"Middle East, North Africa and Pakistan",2014,48095213746
Lebanon,LBN,"Middle East, North Africa and Pakistan",2015,49929337837
Lebanon,LBN,"Middle East, North Africa and Pakistan",2016,51147308774
Lebanon,LBN,"Middle East, North Africa and Pakistan",2017,53027680686
Lebanon,LBN,"Middle East, North Africa and Pakistan",2018,54901519156
Lebanon,LBN,"Middle East, North Africa and Pakistan",2019,51953744530
Lebanon,LBN,"Middle East, North Africa and Pakistan",2020,31712128254
Lebanon,LBN,"Middle East, North Africa and Pakistan",2021,23131940281
Lebanon,LBN,"Middle East, North Africa and Pakistan",2022,23131940281
Lebanon,LBN,"Middle East, North Africa and Pakistan",2023,23131940281
Lithuania,LTU,Emerging and Developing Europe,2014,48533659592
Lithuania,LTU,Emerging and Developing Europe,2015,41435533340
Lithuania,LTU,Emerging and Developing Europe,2016,43047309306
Lithuania,LTU,Emerging and Developing Europe,2017,47758736932
Lithuania,LTU,Emerging and Developing Europe,2018,53751411409
Lithuania,LTU,Emerging and Developing Europe,2019,54751510088
Lithuania,LTU,Emerging and Developing Europe,2020,56846622904
Lithuania,LTU,Emerging and Developing Europe,2021,66445256585
Lithuania,LTU,Emerging and Developing Europe,2022,66445256585
Lithuania,LTU,Emerging and Developing Europe,2023,66445256585
Luxembourg,LUX,Advanced Economies,2014,68804811898
Luxembourg,LUX,Advanced Economies,2015,60071584216
Luxembourg,LUX,Advanced Economies,2016,62216885436
Luxembourg,LUX,Advanced Economies,2017,65712180343
Luxembourg,LUX,Advanced Economies,2018,71000359760
Luxembourg,LUX,Advanced Economies,2019,69825641851
Luxembourg,LUX,Advanced Economies,2020,73992591285
Luxembourg,LUX,Advanced Economies,2021,85506243834
Luxembourg,LUX,Advanced Economies,2022,85506243834
Luxembourg,LUX,Advanced Economies,2023,85506243834
"Macedonia, FYR",MKD,Emerging and Developing Europe,2014,11362272838
"Macedonia, FYR",MKD,Emerging and Developing Europe,2015,10064515432
"Macedonia, FYR",MKD,Emerging and Developing Europe,2016,10672471861
"Macedonia, FYR",MKD,Emerging and Developing Europe,2017,11307058382
"Macedonia, FYR",MKD,Emerging and Developing Europe,2018,12683070061
"Macedonia, FYR",MKD,Emerging and Developing Europe,2019,12606338449
"Macedonia, FYR",MKD,Emerging and Developing Europe,2020,12363580535
"Macedonia, FYR",MKD,Emerging and Developing Europe,2021,13825049832
"Macedonia, FYR",MKD,Emerging and Developing Europe,2022,13825049832
"Macedonia, FYR",MKD,Emerging and Developing Europe,2023,13825049832
Malaysia,MYS,Emerging and Developing Asia,2014,3.38062E+11
Malaysia,MYS,Emerging and Developing Asia,2015,3.01355E+11
Malaysia,MYS,Emerging and Developing Asia,2016,3.01255E+11
Malaysia,MYS,Emerging and Developing Asia,2017,3.19112E+11
Malaysia,MYS,Emerging and Developing Asia,2018,3.58792E+11
Malaysia,MYS,Emerging and Developing Asia,2019,3.65175E+11
Malaysia,MYS,Emerging and Developing Asia,2020,3.37338E+11
Malaysia,MYS,Emerging and Developing Asia,2021,3.72981E+11
Malaysia,MYS,Emerging and Developing Asia,2022,3.72981E+11
Malaysia,MYS,Emerging and Developing Asia,2023,3.72981E+11
Malta,MLT,Advanced Economies,2014,11626278730
Malta,MLT,Advanced Economies,2015,11091423499
Malta,MLT,Advanced Economies,2016,11668253265
Malta,MLT,Advanced Economies,2017,13489380931
Malta,MLT,Advanced Economies,2018,15298771847
Malta,MLT,Advanced Economies,2019,15725847979
Malta,MLT,Advanced Economies,2020,14933066819
Malta,MLT,Advanced Economies,2021,17364044944
Malta,MLT,Advanced Economies,2022,17364044944
Malta,MLT,Advanced Economies,2023,17364044944
Mauritius,MUS,Sub-Saharan Africa,2014,13074137210
Mauritius,MUS,Sub-Saharan Africa,2015,12007291046
Mauritius,MUS,Sub-Saharan Africa,2016,12594149441
Mauritius,MUS,Sub-Saharan Africa,2017,13713509312
Mauritius,MUS,Sub-Saharan Africa,2018,14735695931
Mauritius,MUS,Sub-Saharan Africa,2019,14436353898
Mauritius,MUS,Sub-Saharan Africa,2020,11401050655
Mauritius,MUS,Sub-Saharan Africa,2021,11529042672
Mauritius,MUS,Sub-Saharan Africa,2022,11529042672
Mauritius,MUS,Sub-Saharan Africa,2023,11529042672
Mexico,MEX,Latin America and the Caribbean,2014,1.31535E+12
Mexico,MEX,Latin America and the Caribbean,2015,1.17187E+12
Mexico,MEX,Latin America and the Caribbean,2016,1.07849E+12
Mexico,MEX,Latin America and the Caribbean,2017,1.15891E+12
Mexico,MEX,Latin America and the Caribbean,2018,1.22241E+12
Mexico,MEX,Latin America and the Caribbean,2019,1.26901E+12
Mexico,MEX,Latin America and the Caribbean,2020,1.09052E+12
Mexico,MEX,Latin America and the Caribbean,2021,1.27284E+12
Mexico,MEX,Latin America and the Caribbean,2022,1.27284E+12
Mexico,MEX,Latin America and the Caribbean,2023,1.27284E+12
Mongolia,MNG,Emerging and Developing Asia,2014,12226514722
Mongolia,MNG,Emerging and Developing Asia,2015,11619892396
Mongolia,MNG,Emerging and Developing Asia,2016,11181350461
Mongolia,MNG,Emerging and Developing Asia,2017,11480847745
Mongolia,MNG,Emerging and Developing Asia,2018,13178094459
Mongolia,MNG,Emerging and Developing Asia,2019,14206359007
Mongolia,MNG,Emerging and Developing Asia,2020,13312981595
Mongolia,MNG,Emerging and Developing Asia,2021,15286441818
Mongolia,MNG,Emerging and Developing Asia,2022,15286441818
Mongolia,MNG,Emerging and Developing Asia,2023,15286441818
Montenegro,MNE,Emerging and Developing Europe,2014,4594024180
Montenegro,MNE,Emerging and Developing Europe,2015,4054712083
Montenegro,MNE,Emerging and Developing Europe,2016,4377033429
Montenegro,MNE,Emerging and Developing Europe,2017,4856632399
Montenegro,MNE,Emerging and Developing Europe,2018,5506766651
Montenegro,MNE,Emerging and Developing Europe,2019,5542053845
Montenegro,MNE,Emerging and Developing Europe,2020,4769860741
Montenegro,MNE,Emerging and Developing Europe,2021,5861268039
Montenegro,MNE,Emerging and Developing Europe,2022,5861268039
Montenegro,MNE,Emerging and Developing Europe,2023,5861268039
Morocco,MAR,"Middle East, North Africa and Pakistan",2014,1.19131E+11
Morocco,MAR,"Middle East, North Africa and Pakistan",2015,1.10414E+11
Morocco,MAR,"Middle East, North Africa and Pakistan",2016,1.11573E+11
Morocco,MAR,"Middle East, North Africa and Pakistan",2017,1.18541E+11
Morocco,MAR,"Middle East, North Africa and Pakistan",2018,1.27341E+11
Morocco,MAR,"Middle East, North Africa and Pakistan",2019,1.2892E+11
Morocco,MAR,"Middle East, North Africa and Pakistan",2020,1.21348E+11
Morocco,MAR,"Middle East, North Africa and Pakistan",2021,1.42866E+11
Morocco,MAR,"Middle East, North Africa and Pakistan",2022,1.42866E+11
Morocco,MAR,"Middle East, North Africa and Pakistan",2023,1.42866E+11
Mozambique,MOZ,Sub-Saharan Africa,2014,17716084108
Mozambique,MOZ,Sub-Saharan Africa,2015,15950969019
Mozambique,MOZ,Sub-Saharan Africa,2016,11936999283
Mozambique,MOZ,Sub-Saharan Africa,2017,13219084261
Mozambique,MOZ,Sub-Saharan Africa,2018,14845402474
Mozambique,MOZ,Sub-Saharan Africa,2019,15390039242
Mozambique,MOZ,Sub-Saharan Africa,2020,14028811072
Mozambique,MOZ,Sub-Saharan Africa,2021,15776758633
Mozambique,MOZ,Sub-Saharan Africa,2022,15776758633
Mozambique,MOZ,Sub-Saharan Africa,2023,15776758633
Namibia,NAM,Sub-Saharan Africa,2014,12435416063
Namibia,NAM,Sub-Saharan Africa,2015,11335179561
Namibia,NAM,Sub-Saharan Africa,2016,10721994676
Namibia,NAM,Sub-Saharan Africa,2017,12895153157
Namibia,NAM,Sub-Saharan Africa,2018,13682062251
Namibia,NAM,Sub-Saharan Africa,2019,12541928105
Namibia,NAM,Sub-Saharan Africa,2020,10581585630
Namibia,NAM,Sub-Saharan Africa,2021,12310595844
Namibia,NAM,Sub-Saharan Africa,2022,12310595844
Namibia,NAM,Sub-Saharan Africa,2023,12310595844
Nepal,NPL,Emerging and Developing Asia,2014,22731602970
Nepal,NPL,Emerging and Developing Asia,2015,24360795411
Nepal,NPL,Emerging and Developing Asia,2016,24524098185
Nepal,NPL,Emerging and Developing Asia,2017,28971589213
Nepal,NPL,Emerging and Developing Asia,2018,33111525872
Nepal,NPL,Emerging and Developing Asia,2019,34186190996
Nepal,NPL,Emerging and Developing Asia,2020,33433670512
Nepal,NPL,Emerging and Developing Asia,2021,36288830373
Nepal,NPL,Emerging and Developing Asia,2022,36288830373
Nepal,NPL,Emerging and Developing Asia,2023,36288830373
Netherlands,NLD,Advanced Economies,2014,8.92168E+11
Netherlands,NLD,Advanced Economies,2015,7.65573E+11
Netherlands,NLD,Advanced Economies,2016,7.8406E+11
Netherlands,NLD,Advanced Economies,2017,8.3387E+11
Netherlands,NLD,Advanced Economies,2018,9.14043E+11
Netherlands,NLD,Advanced Economies,2019,9.10194E+11
Netherlands,NLD,Advanced Economies,2020,9.09793E+11
Netherlands,NLD,Advanced Economies,2021,1.01285E+12
Netherlands,NLD,Advanced Economies,2022,1.01285E+12
Netherlands,NLD,Advanced Economies,2023,1.01285E+12
New Zealand,NZL,Advanced Economies,2014,2.01313E+11
New Zealand,NZL,Advanced Economies,2015,1.78064E+11
New Zealand,NZL,Advanced Economies,2016,1.88838E+11
New Zealand,NZL,Advanced Economies,2017,2.06624E+11
New Zealand,NZL,Advanced Economies,2018,2.11953E+11
New Zealand,NZL,Advanced Economies,2019,2.13435E+11
New Zealand,NZL,Advanced Economies,2020,2.11735E+11
New Zealand,NZL,Advanced Economies,2021,2.49886E+11
New Zealand,NZL,Advanced Economies,2022,2.49886E+11
New Zealand,NZL,Advanced Economies,2023,2.49886E+11
Nicaragua,NIC,Latin America and the Caribbean,2014,11880434071
Nicaragua,NIC,Latin America and the Caribbean,2015,12756706583
Nicaragua,NIC,Latin America and the Caribbean,2016,13286083645
Nicaragua,NIC,Latin America and the Caribbean,2017,13785909906
Nicaragua,NIC,Latin America and the Caribbean,2018,13025239912
Nicaragua,NIC,Latin America and the Caribbean,2019,12596636042
Nicaragua,NIC,Latin America and the Caribbean,2020,12586970511
Nicaragua,NIC,Latin America and the Caribbean,2021,14013022092
Nicaragua,NIC,Latin America and the Caribbean,2022,14013022092
Nicaragua,NIC,Latin America and the Caribbean,2023,14013022092
Nigeria,NGA,Sub-Saharan Africa,2014,5.74184E+11
Nigeria,NGA,Sub-Saharan Africa,2015,4.93027E+11
Nigeria,NGA,Sub-Saharan Africa,2016,4.04649E+11
Nigeria,NGA,Sub-Saharan Africa,2017,3.75746E+11
Nigeria,NGA,Sub-Saharan Africa,2018,4.21739E+11
Nigeria,NGA,Sub-Saharan Africa,2019,4.4812E+11
Nigeria,NGA,Sub-Saharan Africa,2020,4.32199E+11
Nigeria,NGA,Sub-Saharan Africa,2021,4.40834E+11
Nigeria,NGA,Sub-Saharan Africa,2022,4.40834E+11
Nigeria,NGA,Sub-Saharan Africa,2023,4.40834E+11
Norway,NOR,Advanced Economies,2014,4.9841E+11
Norway,NOR,Advanced Economies,2015,3.85802E+11
Norway,NOR,Advanced Economies,2016,3.68827E+11
Norway,NOR,Advanced Economies,2017,3.98394E+11
Norway,NOR,Advanced Economies,2018,4.37E+11
Norway,NOR,Advanced Economies,2019,4.04941E+11
Norway,NOR,Advanced Economies,2020,3.62198E+11
Norway,NOR,Advanced Economies,2021,4.82175E+11
Norway,NOR,Advanced Economies,2022,4.82175E+11
Norway,NOR,Advanced Economies,2023,4.82175E+11
Oman,OMN,"Middle East, North Africa and Pakistan",2014,92699089727
Oman,OMN,"Middle East, North Africa and Pakistan",2015,78710793238
Oman,OMN,"Middle East, North Africa and Pakistan",2016,75128738622
Oman,OMN,"Middle East, North Africa and Pakistan",2017,80856697009
Oman,OMN,"Middle East, North Africa and Pakistan",2018,91505851756
Oman,OMN,"Middle East, North Africa and Pakistan",2019,88060858257
Oman,OMN,"Middle East, North Africa and Pakistan",2020,75909397659
Oman,OMN,"Middle East, North Africa and Pakistan",2021,88191977373
Oman,OMN,"Middle East, North Africa and Pakistan",2022,88191977373
Oman,OMN,"Middle East, North Africa and Pakistan",2023,88191977373
Pakistan,PAK,"Middle East, North Africa and Pakistan",2014,2.44361E+11
Pakistan,PAK,"Middle East, North Africa and Pakistan",2015,2.70556E+11
Pakistan,PAK,"Middle East, North Africa and Pakistan",2016,3.1363E+11
Pakistan,PAK,"Middle East, North Africa and Pakistan",2017,3.39206E+11
Pakistan,PAK,"Middle East, North Africa and Pakistan",2018,3.56128E+11
Pakistan,PAK,"Middle East, North Africa and Pakistan",2019,3.20909E+11
Pakistan,PAK,"Middle East, North Africa and Pakistan",2020,3.00426E+11
Pakistan,PAK,"Middle East, North Africa and Pakistan",2021,3.48263E+11
Pakistan,PAK,"Middle East, North Africa and Pakistan",2022,3.48263E+11
Pakistan,PAK,"Middle East, North Africa and Pakistan",2023,3.48263E+11
Panama,PAN,Latin America and the Caribbean,2014,49921400000
Panama,PAN,Latin America and the Caribbean,2015,54091800000
Panama,PAN,Latin America and the Caribbean,2016,57907700000
Panama,PAN,Latin America and the Caribbean,2017,62202700000
Panama,PAN,Latin America and the Caribbean,2018,64929400000
Panama,PAN,Latin America and the Caribbean,2019,66984400000
Panama,PAN,Latin America and the Caribbean,2020,53977000000
Panama,PAN,Latin America and the Caribbean,2021,63605100000
Panama,PAN,Latin America and the Caribbean,2022,63605100000
Panama,PAN,Latin America and the Caribbean,2023,63605100000
Paraguay,PRY,Latin America and the Caribbean,2014,40377929296
Paraguay,PRY,Latin America and the Caribbean,2015,36211447840
Paraguay,PRY,Latin America and the Caribbean,2016,36089700223
Paraguay,PRY,Latin America and the Caribbean,2017,38997129474
Paraguay,PRY,Latin America and the Caribbean,2018,40225448341
Paraguay,PRY,Latin America and the Caribbean,2019,37925338329
Paraguay,PRY,Latin America and the Caribbean,2020,35432178068
Paraguay,PRY,Latin America and the Caribbean,2021,39495431574
Paraguay,PRY,Latin America and the Caribbean,2022,39495431574
Paraguay,PRY,Latin America and the Caribbean,2023,39495431574
Peru,PER,Latin America and the Caribbean,2014,2.00789E+11
Peru,PER,Latin America and the Caribbean,2015,1.89805E+11
Peru,PER,Latin America and the Caribbean,2016,1.91896E+11
Peru,PER,Latin America and the Caribbean,2017,2.11007E+11
Peru,PER,Latin America and the Caribbean,2018,2.22597E+11
Peru,PER,Latin America and the Caribbean,2019,2.28323E+11
Peru,PER,Latin America and the Caribbean,2020,2.01705E+11
Peru,PER,Latin America and the Caribbean,2021,2.23249E+11
Peru,PER,Latin America and the Caribbean,2022,2.23249E+11
Peru,PER,Latin America and the Caribbean,2023,2.23249E+11
Philippines,PHL,Emerging and Developing Asia,2014,2.97483E+11
Philippines,PHL,Emerging and Developing Asia,2015,3.06446E+11
Philippines,PHL,Emerging and Developing Asia,2016,3.18627E+11
Philippines,PHL,Emerging and Developing Asia,2017,3.28481E+11
Philippines,PHL,Emerging and Developing Asia,2018,3.46842E+11
Philippines,PHL,Emerging and Developing Asia,2019,3.76823E+11
Philippines,PHL,Emerging and Developing Asia,2020,3.61751E+11
Philippines,PHL,Emerging and Developing Asia,2021,3.94086E+11
Philippines,PHL,Emerging and Developing Asia,2022,3.94086E+11
Philippines,PHL,Emerging and Developing Asia,2023,3.94086E+11
Poland,POL,Emerging and Developing Europe,2014,5.39088E+11
Poland,POL,Emerging and Developing Europe,2015,4.77111E+11
Poland,POL,Emerging and Developing Europe,2016,4.70023E+11
Poland,POL,Emerging and Developing Europe,2017,5.24646E+11
Poland,POL,Emerging and Developing Europe,2018,5.88783E+11
Poland,POL,Emerging and Developing Europe,2019,5.96055E+11
Poland,POL,Emerging and Developing Europe,2020,5.99449E+11
Poland,POL,Emerging and Developing Europe,2021,6.79445E+11
Poland,POL,Emerging and Developing Europe,2022,6.79445E+11
Poland,POL,Emerging and Developing Europe,2023,6.79445E+11
Portugal,PRT,Advanced Economies,2014,2.29902E+11
Portugal,PRT,Advanced Economies,2015,1.99394E+11
Portugal,PRT,Advanced Economies,2016,2.06426E+11
Portugal,PRT,Advanced Economies,2017,2.21358E+11
Portugal,PRT,Advanced Economies,2018,2.42313E+11
Portugal,PRT,Advanced Economies,2019,2.39987E+11
Portugal,PRT,Advanced Economies,2020,2.29032E+11
Portugal,PRT,Advanced Economies,2021,2.53663E+11
Portugal,PRT,Advanced Economies,2022,2.53663E+11
Portugal,PRT,Advanced Economies,2023,2.53663E+11
Qatar,QAT,"Middle East, North Africa and Pakistan",2014,2.06225E+11
Qatar,QAT,"Middle East, North Africa and Pakistan",2015,1.6174E+11
Qatar,QAT,"Middle East, North Africa and Pakistan",2016,1.51732E+11
Qatar,QAT,"Middle East, North Africa and Pakistan",2017,1.61099E+11
Qatar,QAT,"Middle East, North Africa and Pakistan",2018,1.83335E+11
Qatar,QAT,"Middle East, North Africa and Pakistan",2019,1.75838E+11
Qatar,QAT,"Middle East, North Africa and Pakistan",2020,1.44411E+11
Qatar,QAT,"Middle East, North Africa and Pakistan",2021,1.79677E+11
Qatar,QAT,"Middle East, North Africa and Pakistan",2022,1.79677E+11
Qatar,QAT,"Middle East, North Africa and Pakistan",2023,1.79677E+11
Republic of Moldova,MDA,Emerging and Developing Europe,2014,9510198962
Republic of Moldova,MDA,Emerging and Developing Europe,2015,7745241913
Republic of Moldova,MDA,Emerging and Developing Europe,2016,8071469355
Republic of Moldova,MDA,Emerging and Developing Europe,2017,9669741744
Republic of Moldova,MDA,Emerging and Developing Europe,2018,11457443185
Republic of Moldova,MDA,Emerging and Developing Europe,2019,11971345003
Republic of Moldova,MDA,Emerging and Developing Europe,2020,11859730544
Republic of Moldova,MDA,Emerging and Developing Europe,2021,13679221333
Republic of Moldova,MDA,Emerging and Developing Europe,2022,13679221333
Republic of Moldova,MDA,Emerging and Developing Europe,2023,13679221333
Romania,ROU,Emerging and Developing Europe,2014,1.99712E+11
Romania,ROU,Emerging and Developing Europe,2015,1.77882E+11
Romania,ROU,Emerging and Developing Europe,2016,1.85287E+11
Romania,ROU,Emerging and Developing Europe,2017,2.10147E+11
Romania,ROU,Emerging and Developing Europe,2018,2.43317E+11
Romania,ROU,Emerging and Developing Europe,2019,2.51019E+11
Romania,ROU,Emerging and Developing Europe,2020,2.51362E+11
Romania,ROU,Emerging and Developing Europe,2021,2.84088E+11
Romania,ROU,Emerging and Developing Europe,2022,2.84088E+11
Romania,ROU,Emerging and Developing Europe,2023,2.84088E+11
Saudi Arabia,SAU,"Middle East, North Africa and Pakistan",2014,7.5635E+11
Saudi Arabia,SAU,"Middle East, North Africa and Pakistan",2015,6.5427E+11
Saudi Arabia,SAU,"Middle East, North Africa and Pakistan",2016,6.44936E+11
Saudi Arabia,SAU,"Middle East, North Africa and Pakistan",2017,6.88586E+11
Saudi Arabia,SAU,"Middle East, North Africa and Pakistan",2018,8.16579E+11
Saudi Arabia,SAU,"Middle East, North Africa and Pakistan",2019,8.03616E+11
Saudi Arabia,SAU,"Middle East, North Africa and Pakistan",2020,7.03368E+11
Saudi Arabia,SAU,"Middle East, North Africa and Pakistan",2021,8.33541E+11
Saudi Arabia,SAU,"Middle East, North Africa and Pakistan",2022,8.33541E+11
Saudi Arabia,SAU,"Middle East, North Africa and Pakistan",2023,8.33541E+11
Senegal,SEN,Sub-Saharan Africa,2014,19797254643
Senegal,SEN,Sub-Saharan Africa,2015,17774766636
Senegal,SEN,Sub-Saharan Africa,2016,19040312815
Senegal,SEN,Sub-Saharan Africa,2017,20996564752
Senegal,SEN,Sub-Saharan Africa,2018,23116897847
Senegal,SEN,Sub-Saharan Africa,2019,23398811424
Senegal,SEN,Sub-Saharan Africa,2020,24493157583
Senegal,SEN,Sub-Saharan Africa,2021,27625388352
Senegal,SEN,Sub-Saharan Africa,2022,27625388352
Senegal,SEN,Sub-Saharan Africa,2023,27625388352
Serbia,SRB,Emerging and Developing Europe,2014,47062206678
Serbia,SRB,Emerging and Developing Europe,2015,39655958843
Serbia,SRB,Emerging and Developing Europe,2016,40692643373
Serbia,SRB,Emerging and Developing Europe,2017,44179055280
Serbia,SRB,Emerging and Developing Europe,2018,50640650221
Serbia,SRB,Emerging and Developing Europe,2019,51514222382
Serbia,SRB,Emerging and Developing Europe,2020,53356480454
Serbia,SRB,Emerging and Developing Europe,2021,63082047650
Serbia,SRB,Emerging and Developing Europe,2022,63082047650
Serbia,SRB,Emerging and Developing Europe,2023,63082047650
Singapore,SGP,Advanced Economies,2014,3.14851E+11
Singapore,SGP,Advanced Economies,2015,3.08004E+11
Singapore,SGP,Advanced Economies,2016,3.18832E+11
Singapore,SGP,Advanced Economies,2017,3.43193E+11
Singapore,SGP,Advanced Economies,2018,3.76998E+11
Singapore,SGP,Advanced Economies,2019,3.75473E+11
Singapore,SGP,Advanced Economies,2020,3.45296E+11
Singapore,SGP,Advanced Economies,2021,3.96987E+11
Singapore,SGP,Advanced Economies,2022,3.96987E+11
Singapore,SGP,Advanced Economies,2023,3.96987E+11
Slovak Republic,SVK,Emerging and Developing Europe,2014,1.01437E+11
Slovak Republic,SVK,Emerging and Developing Europe,2015,88900883131
Slovak Republic,SVK,Emerging and Developing Europe,2016,89952699525
Slovak Republic,SVK,Emerging and Developing Europe,2017,95649966261
Slovak Republic,SVK,Emerging and Developing Europe,2018,1.06138E+11
Slovak Republic,SVK,Emerging and Developing Europe,2019,1.0572E+11
Slovak Republic,SVK,Emerging and Developing Europe,2020,1.06697E+11
Slovak Republic,SVK,Emerging and Developing Europe,2021,1.16527E+11
Slovak Republic,SVK,Emerging and Developing Europe,2022,1.16527E+11
Slovak Republic,SVK,Emerging and Developing Europe,2023,1.16527E+11
Slovenia,SVN,Advanced Economies,2014,49997186439
Slovenia,SVN,Advanced Economies,2015,43107506024
Slovenia,SVN,Advanced Economies,2016,44766722791
Slovenia,SVN,Advanced Economies,2017,48589100043
Slovenia,SVN,Advanced Economies,2018,54177882426
Slovenia,SVN,Advanced Economies,2019,54331588482
Slovenia,SVN,Advanced Economies,2020,53706800044
Slovenia,SVN,Advanced Economies,2021,61748586535
Slovenia,SVN,Advanced Economies,2022,61748586535
Slovenia,SVN,Advanced Economies,2023,61748586535
South Africa,ZAF,Sub-Saharan Africa,2014,3.81199E+11
South Africa,ZAF,Sub-Saharan Africa,2015,3.4671E+11
South Africa,ZAF,Sub-Saharan Africa,2016,3.23586E+11
South Africa,ZAF,Sub-Saharan Africa,2017,3.81449E+11
South Africa,ZAF,Sub-Saharan Africa,2018,4.0416E+11
South Africa,ZAF,Sub-Saharan Africa,2019,3.88532E+11
South Africa,ZAF,Sub-Saharan Africa,2020,3.3762E+11
South Africa,ZAF,Sub-Saharan Africa,2021,4.19015E+11
South Africa,ZAF,Sub-Saharan Africa,2022,4.19015E+11
South Africa,ZAF,Sub-Saharan Africa,2023,4.19015E+11
Spain,ESP,Advanced Economies,2014,1.37182E+12
Spain,ESP,Advanced Economies,2015,1.19616E+12
Spain,ESP,Advanced Economies,2016,1.23355E+12
Spain,ESP,Advanced Economies,2017,1.31325E+12
Spain,ESP,Advanced Economies,2018,1.4217E+12
Spain,ESP,Advanced Economies,2019,1.39432E+12
Spain,ESP,Advanced Economies,2020,1.27696E+12
Spain,ESP,Advanced Economies,2021,1.42738E+12
Spain,ESP,Advanced Economies,2022,1.42738E+12
Spain,ESP,Advanced Economies,2023,1.42738E+12
Sri Lanka,LKA,Emerging and Developing Asia,2014,82528526230
Sri Lanka,LKA,Emerging and Developing Asia,2015,85140963537
Sri Lanka,LKA,Emerging and Developing Asia,2016,88012262257
Sri Lanka,LKA,Emerging and Developing Asia,2017,94376246467
Sri Lanka,LKA,Emerging and Developing Asia,2018,94493847352
Sri Lanka,LKA,Emerging and Developing Asia,2019,89014990792
Sri Lanka,LKA,Emerging and Developing Asia,2020,85349112171
Sri Lanka,LKA,Emerging and Developing Asia,2021,88927263725
Sri Lanka,LKA,Emerging and Developing Asia,2022,88927263725
Sri Lanka,LKA,Emerging and Developing Asia,2023,88927263725
Sweden,SWE,Advanced Economies,2014,5.81964E+11
Sweden,SWE,Advanced Economies,2015,5.05104E+11
Sweden,SWE,Advanced Economies,2016,5.15655E+11
Sweden,SWE,Advanced Economies,2017,5.41019E+11
Sweden,SWE,Advanced Economies,2018,5.55455E+11
Sweden,SWE,Advanced Economies,2019,5.3388E+11
Sweden,SWE,Advanced Economies,2020,5.47054E+11
Sweden,SWE,Advanced Economies,2021,6.35664E+11
Sweden,SWE,Advanced Economies,2022,6.35664E+11
Sweden,SWE,Advanced Economies,2023,6.35664E+11
Switzerland,CHE,Advanced Economies,2014,7.26538E+11
Switzerland,CHE,Advanced Economies,2015,6.94118E+11
Switzerland,CHE,Advanced Economies,2016,6.87895E+11
Switzerland,CHE,Advanced Economies,2017,6.95201E+11
Switzerland,CHE,Advanced Economies,2018,7.25569E+11
Switzerland,CHE,Advanced Economies,2019,7.21369E+11
Switzerland,CHE,Advanced Economies,2020,7.39914E+11
Switzerland,CHE,Advanced Economies,2021,8.0064E+11
Switzerland,CHE,Advanced Economies,2022,8.0064E+11
Switzerland,CHE,Advanced Economies,2023,8.0064E+11
Tajikistan,TJK,Commonwealth of Independent States,2014,9112544556
Tajikistan,TJK,Commonwealth of Independent States,2015,8271454301
Tajikistan,TJK,Commonwealth of Independent States,2016,6992393787
Tajikistan,TJK,Commonwealth of Independent States,2017,7536439875
Tajikistan,TJK,Commonwealth of Independent States,2018,7765014424
Tajikistan,TJK,Commonwealth of Independent States,2019,8300784857
Tajikistan,TJK,Commonwealth of Independent States,2020,8133996648
Tajikistan,TJK,Commonwealth of Independent States,2021,8746270636
Tajikistan,TJK,Commonwealth of Independent States,2022,8746270636
Tajikistan,TJK,Commonwealth of Independent States,2023,8746270636
Tanzania,TZA,Sub-Saharan Africa,2014,49964825081
Tanzania,TZA,Sub-Saharan Africa,2015,47378603784
Tanzania,TZA,Sub-Saharan Africa,2016,49774004999
Tanzania,TZA,Sub-Saharan Africa,2017,53320647489
Tanzania,TZA,Sub-Saharan Africa,2018,57003685912
Tanzania,TZA,Sub-Saharan Africa,2019,61136873692
Tanzania,TZA,Sub-Saharan Africa,2020,62409709111
Tanzania,TZA,Sub-Saharan Africa,2021,67841049193
Tanzania,TZA,Sub-Saharan Africa,2022,67841049193
Tanzania,TZA,Sub-Saharan Africa,2023,67841049193
Thailand,THA,Emerging and Developing Asia,2014,4.07339E+11
Thailand,THA,Emerging and Developing Asia,2015,4.01296E+11
Thailand,THA,Emerging and Developing Asia,2016,4.13366E+11
Thailand,THA,Emerging and Developing Asia,2017,4.56357E+11
Thailand,THA,Emerging and Developing Asia,2018,5.06755E+11
Thailand,THA,Emerging and Developing Asia,2019,5.44081E+11
Thailand,THA,Emerging and Developing Asia,2020,4.99682E+11
Thailand,THA,Emerging and Developing Asia,2021,5.05947E+11
Thailand,THA,Emerging and Developing Asia,2022,5.05947E+11
Thailand,THA,Emerging and Developing Asia,2023,5.05947E+11
Trinidad and Tobago,TTO,Latin America and the Caribbean,2014,29489012807
Trinidad and Tobago,TTO,Latin America and the Caribbean,2015,26851970254
Trinidad and Tobago,TTO,Latin America and the Caribbean,2016,23496215885
Trinidad and Tobago,TTO,Latin America and the Caribbean,2017,23797686966
Trinidad and Tobago,TTO,Latin America and the Caribbean,2018,24322359035
Trinidad and Tobago,TTO,Latin America and the Caribbean,2019,23849557812
Trinidad and Tobago,TTO,Latin America and the Caribbean,2020,21059428851
Trinidad and Tobago,TTO,Latin America and the Caribbean,2021,24460196271
Trinidad and Tobago,TTO,Latin America and the Caribbean,2022,24460196271
Trinidad and Tobago,TTO,Latin America and the Caribbean,2023,24460196271
Tunisia,TUN,"Middle East, North Africa and Pakistan",2014,50271072628
Tunisia,TUN,"Middle East, North Africa and Pakistan",2015,45780077488
Tunisia,TUN,"Middle East, North Africa and Pakistan",2016,44360754190
Tunisia,TUN,"Middle East, North Africa and Pakistan",2017,42163966273
Tunisia,TUN,"Middle East, North Africa and Pakistan",2018,42685972269
Tunisia,TUN,"Middle East, North Africa and Pakistan",2019,41906113686
Tunisia,TUN,"Middle East, North Africa and Pakistan",2020,42537832456
Tunisia,TUN,"Middle East, North Africa and Pakistan",2021,46686741814
Tunisia,TUN,"Middle East, North Africa and Pakistan",2022,46686741814
Tunisia,TUN,"Middle East, North Africa and Pakistan",2023,46686741814
Turkey,TUR,Emerging and Developing Europe,2014,9.38953E+11
Turkey,TUR,Emerging and Developing Europe,2015,8.64317E+11
Turkey,TUR,Emerging and Developing Europe,2016,8.69693E+11
Turkey,TUR,Emerging and Developing Europe,2017,8.58996E+11
Turkey,TUR,Emerging and Developing Europe,2018,7.78472E+11
Turkey,TUR,Emerging and Developing Europe,2019,7.59937E+11
Turkey,TUR,Emerging and Developing Europe,2020,7.20289E+11
Turkey,TUR,Emerging and Developing Europe,2021,8.19035E+11
Turkey,TUR,Emerging and Developing Europe,2022,8.19035E+11
Turkey,TUR,Emerging and Developing Europe,2023,8.19035E+11
Ukraine,UKR,Commonwealth of Independent States,2014,1.33503E+11
Ukraine,UKR,Commonwealth of Independent States,2015,91030959455
Ukraine,UKR,Commonwealth of Independent States,2016,93355993629
Ukraine,UKR,Commonwealth of Independent States,2017,1.12091E+11
Ukraine,UKR,Commonwealth of Independent States,2018,1.30891E+11
Ukraine,UKR,Commonwealth of Independent States,2019,1.53883E+11
Ukraine,UKR,Commonwealth of Independent States,2020,1.56618E+11
Ukraine,UKR,Commonwealth of Independent States,2021,2.00086E+11
Ukraine,UKR,Commonwealth of Independent States,2022,2.00086E+11
Ukraine,UKR,Commonwealth of Independent States,2023,2.00086E+11
United Arab Emirates,ARE,"Middle East, North Africa and Pakistan",2014,4.14105E+11
United Arab Emirates,ARE,"Middle East, North Africa and Pakistan",2015,3.70275E+11
United Arab Emirates,ARE,"Middle East, North Africa and Pakistan",2016,3.69255E+11
United Arab Emirates,ARE,"Middle East, North Africa and Pakistan",2017,3.90517E+11
United Arab Emirates,ARE,"Middle East, North Africa and Pakistan",2018,4.27049E+11
United Arab Emirates,ARE,"Middle East, North Africa and Pakistan",2019,4.1799E+11
United Arab Emirates,ARE,"Middle East, North Africa and Pakistan",2020,3.49473E+11
United Arab Emirates,ARE,"Middle East, North Africa and Pakistan",2021,4.15022E+11
United Arab Emirates,ARE,"Middle East, North Africa and Pakistan",2022,4.15022E+11
United Arab Emirates,ARE,"Middle East, North Africa and Pakistan",2023,4.15022E+11
United Kingdom,GBR,Advanced Economies,2014,3.06522E+12
United Kingdom,GBR,Advanced Economies,2015,2.93486E+12
United Kingdom,GBR,Advanced Economies,2016,2.69966E+12
United Kingdom,GBR,Advanced Economies,2017,2.6834E+12
United Kingdom,GBR,Advanced Economies,2018,2.87815E+12
United Kingdom,GBR,Advanced Economies,2019,2.85706E+12
United Kingdom,GBR,Advanced Economies,2020,2.70461E+12
United Kingdom,GBR,Advanced Economies,2021,3.13138E+12
United Kingdom,GBR,Advanced Economies,2022,3.13138E+12
United Kingdom,GBR,Advanced Economies,2023,3.13138E+12
United States,USA,Advanced Economies,2014,1.75507E+13
United States,USA,Advanced Economies,2015,1.8206E+13
United States,USA,Advanced Economies,2016,1.86951E+13
United States,USA,Advanced Economies,2017,1.94773E+13
United States,USA,Advanced Economies,2018,2.05331E+13
United States,USA,Advanced Economies,2019,2.1381E+13
United States,USA,Advanced Economies,2020,2.10605E+13
United States,USA,Advanced Economies,2021,2.33151E+13
United States,USA,Advanced Economies,2022,2.33151E+13
United States,USA,Advanced Economies,2023,2.33151E+13
Uruguay,URY,Latin America and the Caribbean,2014,57236013086
Uruguay,URY,Latin America and the Caribbean,2015,53274304222
Uruguay,URY,Latin America and the Caribbean,2016,57236652490
Uruguay,URY,Latin America and the Caribbean,2017,64233966861
Uruguay,URY,Latin America and the Caribbean,2018,64515038268
Uruguay,URY,Latin America and the Caribbean,2019,61231149881
Uruguay,URY,Latin America and the Caribbean,2020,53560755047
Uruguay,URY,Latin America and the Caribbean,2021,59319484711
Uruguay,URY,Latin America and the Caribbean,2022,59319484711
Uruguay,URY,Latin America and the Caribbean,2023,59319484711
Venezuela,VEN,Latin America and the Caribbean,2014,4.82359E+11
Venezuela,VEN,Latin America and the Caribbean,2015,4.82359E+11
Venezuela,VEN,Latin America and the Caribbean,2016,4.82359E+11
Venezuela,VEN,Latin America and the Caribbean,2017,4.82359E+11
Venezuela,VEN,Latin America and the Caribbean,2018,4.82359E+11
Venezuela,VEN,Latin America and the Caribbean,2019,4.82359E+11
Venezuela,VEN,Latin America and the Caribbean,2020,4.82359E+11
Venezuela,VEN,Latin America and the Caribbean,2021,4.82359E+11
Venezuela,VEN,Latin America and the Caribbean,2022,4.82359E+11
Venezuela,VEN,Latin America and the Caribbean,2023,4.82359E+11
Vietnam,VNM,Emerging and Developing Asia,2014,2.33451E+11
Vietnam,VNM,Emerging and Developing Asia,2015,2.39258E+11
Vietnam,VNM,Emerging and Developing Asia,2016,2.57096E+11
Vietnam,VNM,Emerging and Developing Asia,2017,2.81354E+11
Vietnam,VNM,Emerging and Developing Asia,2018,3.10106E+11
Vietnam,VNM,Emerging and Developing Asia,2019,3.34365E+11
Vietnam,VNM,Emerging and Developing Asia,2020,3.46616E+11
Vietnam,VNM,Emerging and Developing Asia,2021,3.66138E+11
Vietnam,VNM,Emerging and Developing Asia,2022,3.66138E+11
Vietnam,VNM,Emerging and Developing Asia,2023,3.66138E+11
"Yemen, Rep.",YEM,"Middle East, North Africa and Pakistan",2014,43228585321
"Yemen, Rep.",YEM,"Middle East, North Africa and Pakistan",2015,42444495590
"Yemen, Rep.",YEM,"Middle East, North Africa and Pakistan",2016,31317828584
"Yemen, Rep.",YEM,"Middle East, North Africa and Pakistan",2017,26842231205
"Yemen, Rep.",YEM,"Middle East, North Africa and Pakistan",2018,21606161066
"Yemen, Rep.",YEM,"Middle East, North Africa and Pakistan",2019,21606161066
"Yemen, Rep.",YEM,"Middle East, North Africa and Pakistan",2020,21606161066
"Yemen, Rep.",YEM,"Middle East, North Africa and Pakistan",2021,21606161066
"Yemen, Rep.",YEM,"Middle East, North Africa and Pakistan",2022,21606161066
"Yemen, Rep.",YEM,"Middle East, North Africa and Pakistan",2023,21606161066
Zambia,ZMB,Sub-Saharan Africa,2014,27141023558
Zambia,ZMB,Sub-Saharan Africa,2015,21251216799
Zambia,ZMB,Sub-Saharan Africa,2016,20958412538
Zambia,ZMB,Sub-Saharan Africa,2017,25873601261
Zambia,ZMB,Sub-Saharan Africa,2018,26311590297
Zambia,ZMB,Sub-Saharan Africa,2019,23308667781
Zambia,ZMB,Sub-Saharan Africa,2020,18110631358
Zambia,ZMB,Sub-Saharan Africa,2021,22147634727
Zambia,ZMB,Sub-Saharan Africa,2022,22147634727
Zambia,ZMB,Sub-Saharan Africa,2023,22147634727
Zimbabwe,ZWE,Sub-Saharan Africa,2014,19495519630
Zimbabwe,ZWE,Sub-Saharan Africa,2015,19963120610
Zimbabwe,ZWE,Sub-Saharan Africa,2016,20548678070
Zimbabwe,ZWE,Sub-Saharan Africa,2017,17584890937
Zimbabwe,ZWE,Sub-Saharan Africa,2018,34156069918
Zimbabwe,ZWE,Sub-Saharan Africa,2019,21832234926
Zimbabwe,ZWE,Sub-Saharan Africa,2020,21509698406
Zimbabwe,ZWE,Sub-Saharan Africa,2021,28371238666
Zimbabwe,ZWE,Sub-Saharan Africa,2022,28371238666
Zimbabwe,ZWE,Sub-Saharan Africa,2023,28371238666
