Country,Country Code,Region,Year,Population
Albania,ALB,Emerging and Developing Europe,2014,2889104
Albania,ALB,Emerging and Developing Europe,2015,2880703
Albania,ALB,Emerging and Developing Europe,2016,2876101
Albania,ALB,Emerging and Developing Europe,2017,2873457
Albania,ALB,Emerging and Developing Europe,2018,2866376
Albania,ALB,Emerging and Developing Europe,2019,2854191
Albania,ALB,Emerging and Developing Europe,2020,2837849
Albania,ALB,Emerging and Developing Europe,2021,2811666
Albania,ALB,Emerging and Developing Europe,2022,2811666
Albania,ALB,Emerging and Developing Europe,2023,2811666
Algeria,DZA,"Middle East, North Africa and Pakistan",2014,38760168
Algeria,DZA,"Middle East, North Africa and Pakistan",2015,39543154
Algeria,DZA,"Middle East, North Africa and Pakistan",2016,40339329
Algeria,DZA,"Middle East, North Africa and Pakistan",2017,41136546
Algeria,DZA,"Middle East, North Africa and Pakistan",2018,41927007
Algeria,DZA,"Middle East, North Africa and Pakistan",2019,42705368
Algeria,DZA,"Middle East, North Africa and Pakistan",2020,43451666
Algeria,DZA,"Middle East, North Africa and Pakistan",2021,44177969
Algeria,DZA,"Middle East, North Africa and Pakistan",2022,44177969
Algeria,DZA,"Middle East, North Africa and Pakistan",2023,44177969
Angola,AGO,Sub-Saharan Africa,2014,27128337
Angola,AGO,Sub-Saharan Africa,2015,28127721
Angola,AGO,Sub-Saharan Africa,2016,29154746
Angola,AGO,Sub-Saharan Africa,2017,30208628
Angola,AGO,Sub-Saharan Africa,2018,31273533
Angola,AGO,Sub-Saharan Africa,2019,32353588
Angola,AGO,Sub-Saharan Africa,2020,33428486
Angola,AGO,Sub-Saharan Africa,2021,34503774
Angola,AGO,Sub-Saharan Africa,2022,34503774
Angola,AGO,Sub-Saharan Africa,2023,34503774
Argentina,ARG,Latin America and the Caribbean,2014,42669500
Argentina,ARG,Latin America and the Caribbean,2015,43131966
Argentina,ARG,Latin America and the Caribbean,2016,43590368
Argentina,ARG,Latin America and the Caribbean,2017,44044811
Argentina,ARG,Latin America and the Caribbean,2018,44494502
Argentina,ARG,Latin America and the Caribbean,2019,44938712
Argentina,ARG,Latin America and the Caribbean,2020,45376763
Argentina,ARG,Latin America and the Caribbean,2021,45808747
Argentina,ARG,Latin America and the Caribbean,2022,45808747
Argentina,ARG,Latin America and the Caribbean,2023,45808747
Armenia,ARM,Commonwealth of Independent States,2014,2889930
Armenia,ARM,Commonwealth of Independent States,2015,2878595
Armenia,ARM,Commonwealth of Independent States,2016,2865835
Armenia,ARM,Commonwealth of Independent States,2017,2851923
Armenia,ARM,Commonwealth of Independent States,2018,2836557
Armenia,ARM,Commonwealth of Independent States,2019,2820602
Armenia,ARM,Commonwealth of Independent States,2020,2805608
Armenia,ARM,Commonwealth of Independent States,2021,2790974
Armenia,ARM,Commonwealth of Independent States,2022,2790974
Armenia,ARM,Commonwealth of Independent States,2023,2790974
Australia,AUS,Advanced Economies,2014,23475686
Australia,AUS,Advanced Economies,2015,23815995
Australia,AUS,Advanced Economies,2016,24190907
Australia,AUS,Advanced Economies,2017,24594202
Australia,AUS,Advanced Economies,2018,24966643
Australia,AUS,Advanced Economies,2019,25340217
Australia,AUS,Advanced Economies,2020,25655289
Australia,AUS,Advanced Economies,2021,25688079
Australia,AUS,Advanced Economies,2022,25688079
Australia,AUS,Advanced Economies,2023,25688079
Austria,AUT,Advanced Economies,2014,8546356
Austria,AUT,Advanced Economies,2015,8642699
Austria,AUT,Advanced Economies,2016,8736668
Austria,AUT,Advanced Economies,2017,8797566
Austria,AUT,Advanced Economies,2018,8840521
Austria,AUT,Advanced Economies,2019,8879920
Austria,AUT,Advanced Economies,2020,8916864
Austria,AUT,Advanced Economies,2021,8955797
Austria,AUT,Advanced Economies,2022,8955797
Austria,AUT,Advanced Economies,2023,8955797
Azerbaijan,AZE,Commonwealth of Independent States,2014,9535079
Azerbaijan,AZE,Commonwealth of Independent States,2015,9649341
Azerbaijan,AZE,Commonwealth of Independent States,2016,9757812
Azerbaijan,AZE,Commonwealth of Independent States,2017,9854033
Azerbaijan,AZE,Commonwealth of Independent States,2018,9939771
Azerbaijan,AZE,Commonwealth of Independent States,2019,10024283
Azerbaijan,AZE,Commonwealth of Independent States,2020,10093121
Azerbaijan,AZE,Commonwealth of Independent States,2021,10137750
Azerbaijan,AZE,Commonwealth of Independent States,2022,10137750
Azerbaijan,AZE,Commonwealth of Independent States,2023,10137750
Bahrain,BHR,"Middle East, North Africa and Pakistan",2014,1311134
Bahrain,BHR,"Middle East, North Africa and Pakistan",2015,1362142
Bahrain,BHR,"Middle East, North Africa and Pakistan",2016,1409661
Bahrain,BHR,"Middle East, North Africa and Pakistan",2017,1456834
Bahrain,BHR,"Middle East, North Africa and Pakistan",2018,1487340
Bahrain,BHR,"Middle East, North Africa and Pakistan",2019,1494188
Bahrain,BHR,"Middle East, North Africa and Pakistan",2020,1477469
Bahrain,BHR,"Middle East, North Africa and Pakistan",2021,1463265
Bahrain,BHR,"Middle East, North Africa and Pakistan",2022,1463265
Bahrain,BHR,"Middle East, North Africa and Pakistan",2023,1463265
Bangladesh,BGD,Emerging and Developing Asia,2014,155961299
Bangladesh,BGD,Emerging and Developing Asia,2015,157830000
Bangladesh,BGD,Emerging and Developing Asia,2016,159784568
Bangladesh,BGD,Emerging and Developing Asia,2017,161793964
Bangladesh,BGD,Emerging and Developing Asia,2018,163683958
Bangladesh,BGD,Emerging and Developing Asia,2019,165516222
Bangladesh,BGD,Emerging and Developing Asia,2020,167420951
Bangladesh,BGD,Emerging and Developing Asia,2021,169356251
Bangladesh,BGD,Emerging and Developing Asia,2022,169356251
Bangladesh,BGD,Emerging and Developing Asia,2023,169356251
Belgium,BEL,Advanced Economies,2014,11209057
Belgium,BEL,Advanced Economies,2015,11274196
Belgium,BEL,Advanced Economies,2016,11331422
Belgium,BEL,Advanced Economies,2017,11375158
Belgium,BEL,Advanced Economies,2018,11427054
Belgium,BEL,Advanced Economies,2019,11488980
Belgium,BEL,Advanced Economies,2020,11538604
Belgium,BEL,Advanced Economies,2021,11592952
Belgium,BEL,Advanced Economies,2022,11592952
Belgium,BEL,Advanced Economies,2023,11592952
Bolivia,BOL,Latin America and the Caribbean,2014,10916987
Bolivia,BOL,Latin America and the Caribbean,2015,11090085
Bolivia,BOL,Latin America and the Caribbean,2016,11263015
Bolivia,BOL,Latin America and the Caribbean,2017,11435533
Bolivia,BOL,Latin America and the Caribbean,2018,11606905
Bolivia,BOL,Latin America and the Caribbean,2019,11777315
Bolivia,BOL,Latin America and the Caribbean,2020,11936162
Bolivia,BOL,Latin America and the Caribbean,2021,12079472
Bolivia,BOL,Latin America and the Caribbean,2022,12079472
Bolivia,BOL,Latin America and the Caribbean,2023,12079472
Bosnia and Herzegovina,BIH,Emerging and Developing Europe,2014,3571068
Bosnia and Herzegovina,BIH,Emerging and Developing Europe,2015,3524324
Bosnia and Herzegovina,BIH,Emerging and Developing Europe,2016,3480986
Bosnia and Herzegovina,BIH,Emerging and Developing Europe,2017,3440027
Bosnia and Herzegovina,BIH,Emerging and Developing Europe,2018,3400129
Bosnia and Herzegovina,BIH,Emerging and Developing Europe,2019,3360711
Bosnia and Herzegovina,BIH,Emerging and Developing Europe,2020,3318407
Bosnia and Herzegovina,BIH,Emerging and Developing Europe,2021,3270943
Bosnia and Herzegovina,BIH,Emerging and Developing Europe,2022,3270943
Bosnia and Herzegovina,BIH,Emerging and Developing Europe,2023,3270943
Botswana,BWA,Sub-Saharan Africa,2014,2260376
Botswana,BWA,Sub-Saharan Africa,2015,2305171
Botswana,BWA,Sub-Saharan Africa,2016,2352416
Botswana,BWA,Sub-Saharan Africa,2017,2401840
Botswana,BWA,Sub-Saharan Africa,2018,2451409
Botswana,BWA,Sub-Saharan Africa,2019,2499702
Botswana,BWA,Sub-Saharan Africa,2020,2546402
Botswana,BWA,Sub-Saharan Africa,2021,2588423
Botswana,BWA,Sub-Saharan Africa,2022,2588423
Botswana,BWA,Sub-Saharan Africa,2023,2588423
Brazil,BRA,Latin America and the Caribbean,2014,203459650
Brazil,BRA,Latin America and the Caribbean,2015,205188205
Brazil,BRA,Latin America and the Caribbean,2016,206859578
Brazil,BRA,Latin America and the Caribbean,2017,208504960
Brazil,BRA,Latin America and the Caribbean,2018,210166592
Brazil,BRA,Latin America and the Caribbean,2019,211782878
Brazil,BRA,Latin America and the Caribbean,2020,213196304
Brazil,BRA,Latin America and the Caribbean,2021,214326223
Brazil,BRA,Latin America and the Caribbean,2022,214326223
Brazil,BRA,Latin America and the Caribbean,2023,214326223
Brunei Darussalam,BRN,Emerging and Developing Asia,2014,416656
Brunei Darussalam,BRN,Emerging and Developing Asia,2015,421437
Brunei Darussalam,BRN,Emerging and Developing Asia,2016,425994
Brunei Darussalam,BRN,Emerging and Developing Asia,2017,430276
Brunei Darussalam,BRN,Emerging and Developing Asia,2018,434274
Brunei Darussalam,BRN,Emerging and Developing Asia,2019,438048
Brunei Darussalam,BRN,Emerging and Developing Asia,2020,441725
Brunei Darussalam,BRN,Emerging and Developing Asia,2021,445373
Brunei Darussalam,BRN,Emerging and Developing Asia,2022,445373
Brunei Darussalam,BRN,Emerging and Developing Asia,2023,445373
Bulgaria,BGR,Emerging and Developing Europe,2014,7223938
Bulgaria,BGR,Emerging and Developing Europe,2015,7177991
Bulgaria,BGR,Emerging and Developing Europe,2016,7127822
Bulgaria,BGR,Emerging and Developing Europe,2017,7075947
Bulgaria,BGR,Emerging and Developing Europe,2018,7025037
Bulgaria,BGR,Emerging and Developing Europe,2019,6975761
Bulgaria,BGR,Emerging and Developing Europe,2020,6934015
Bulgaria,BGR,Emerging and Developing Europe,2021,6877743
Bulgaria,BGR,Emerging and Developing Europe,2022,6877743
Bulgaria,BGR,Emerging and Developing Europe,2023,6877743
Cambodia,KHM,Emerging and Developing Asia,2014,15210817
Cambodia,KHM,Emerging and Developing Asia,2015,15417523
Cambodia,KHM,Emerging and Developing Asia,2016,15624584
Cambodia,KHM,Emerging and Developing Asia,2017,15830689
Cambodia,KHM,Emerging and Developing Asia,2018,16025238
Cambodia,KHM,Emerging and Developing Asia,2019,16207746
Cambodia,KHM,Emerging and Developing Asia,2020,16396860
Cambodia,KHM,Emerging and Developing Asia,2021,16589023
Cambodia,KHM,Emerging and Developing Asia,2022,16589023
Cambodia,KHM,Emerging and Developing Asia,2023,16589023
Cameroon,CMR,Sub-Saharan Africa,2014,22299585
Cameroon,CMR,Sub-Saharan Africa,2015,23012646
Cameroon,CMR,Sub-Saharan Africa,2016,23711630
Cameroon,CMR,Sub-Saharan Africa,2017,24393181
Cameroon,CMR,Sub-Saharan Africa,2018,25076747
Cameroon,CMR,Sub-Saharan Africa,2019,25782341
Cameroon,CMR,Sub-Saharan Africa,2020,26491087
Cameroon,CMR,Sub-Saharan Africa,2021,27198628
Cameroon,CMR,Sub-Saharan Africa,2022,27198628
Cameroon,CMR,Sub-Saharan Africa,2023,27198628
Canada,CAN,Advanced Economies,2014,35437435
Canada,CAN,Advanced Economies,2015,35702908
Canada,CAN,Advanced Economies,2016,36109487
Canada,CAN,Advanced Economies,2017,36545236
Canada,CAN,Advanced Economies,2018,37065084
Canada,CAN,Advanced Economies,2019,37601230
Canada,CAN,Advanced Economies,2020,38037204
Canada,CAN,Advanced Economies,2021,38246108
Canada,CAN,Advanced Economies,2022,38246108
Canada,CAN,Advanced Economies,2023,38246108
Chile,CHL,Latin America and the Caribbean,2014,17687108
Chile,CHL,Latin America and the Caribbean,2015,17870124
Chile,CHL,Latin America and the Caribbean,2016,18083879
Chile,CHL,Latin America and the Caribbean,2017,18368577
Chile,CHL,Latin America and the Caribbean,2018,18701450
Chile,CHL,Latin America and the Caribbean,2019,19039485
Chile,CHL,Latin America and the Caribbean,2020,19300315
Chile,CHL,Latin America and the Caribbean,2021,19493184
Chile,CHL,Latin America and the Caribbean,2022,19493184
Chile,CHL,Latin America and the Caribbean,2023,19493184
China,CHN,Emerging and Developing Asia,2014,1371860000
China,CHN,Emerging and Developing Asia,2015,1379860000
China,CHN,Emerging and Developing Asia,2016,1387790000
China,CHN,Emerging and Developing Asia,2017,1396215000
China,CHN,Emerging and Developing Asia,2018,1402760000
China,CHN,Emerging and Developing Asia,2019,1407745000
China,CHN,Emerging and Developing Asia,2020,1411100000
China,CHN,Emerging and Developing Asia,2021,1412360000
China,CHN,Emerging and Developing Asia,2022,1412360000
China,CHN,Emerging and Developing Asia,2023,1412360000
Colombia,COL,Latin America and the Caribbean,2014,46677947
Colombia,COL,Latin America and the Caribbean,2015,47119728
Colombia,COL,Latin America and the Caribbean,2016,47625955
Colombia,COL,Latin America and the Caribbean,2017,48351671
Colombia,COL,Latin America and the Caribbean,2018,49276961
Colombia,COL,Latin America and the Caribbean,2019,50187406
Colombia,COL,Latin America and the Caribbean,2020,50930662
Colombia,COL,Latin America and the Caribbean,2021,51516562
Colombia,COL,Latin America and the Caribbean,2022,51516562
Colombia,COL,Latin America and the Caribbean,2023,51516562
"Congo, Dem. Rep.",COD,Sub-Saharan Africa,2014,76035588
"Congo, Dem. Rep.",COD,Sub-Saharan Africa,2015,78656904
"Congo, Dem. Rep.",COD,Sub-Saharan Africa,2016,81430977
"Congo, Dem. Rep.",COD,Sub-Saharan Africa,2017,84283273
"Congo, Dem. Rep.",COD,Sub-Saharan Africa,2018,87087355
"Congo, Dem. Rep.",COD,Sub-Saharan Africa,2019,89906890
"Congo, Dem. Rep.",COD,Sub-Saharan Africa,2020,92853164
"Congo, Dem. Rep.",COD,Sub-Saharan Africa,2021,95894118
"Congo, Dem. Rep.",COD,Sub-Saharan Africa,2022,95894118
"Congo, Dem. Rep.",COD,Sub-Saharan Africa,2023,95894118
Costa Rica,CRI,Latin America and the Caribbean,2014,4844288
Costa Rica,CRI,Latin America and the Caribbean,2015,4895242
Costa Rica,CRI,Latin America and the Caribbean,2016,4945205
Costa Rica,CRI,Latin America and the Caribbean,2017,4993842
Costa Rica,CRI,Latin America and the Caribbean,2018,5040734
Costa Rica,CRI,Latin America and the Caribbean,2019,5084532
Costa Rica,CRI,Latin America and the Caribbean,2020,5123105
Costa Rica,CRI,Latin America and the Caribbean,2021,5153957
Costa Rica,CRI,Latin America and the Caribbean,2022,5153957
Costa Rica,CRI,Latin America and the Caribbean,2023,5153957
Cote d'Ivoire,CIV,Sub-Saharan Africa,2014,22995555
Cote d'Ivoire,CIV,Sub-Saharan Africa,2015,23596741
Cote d'Ivoire,CIV,Sub-Saharan Africa,2016,24213622
Cote d'Ivoire,CIV,Sub-Saharan Africa,2017,24848016
Cote d'Ivoire,CIV,Sub-Saharan Africa,2018,25493988
Cote d'Ivoire,CIV,Sub-Saharan Africa,2019,26147551
Cote d'Ivoire,CIV,Sub-Saharan Africa,2020,26811790
Cote d'Ivoire,CIV,Sub-Saharan Africa,2021,27478249
Cote d'Ivoire,CIV,Sub-Saharan Africa,2022,27478249
Cote d'Ivoire,CIV,Sub-Saharan Africa,2023,27478249
Croatia,HRV,Emerging and Developing Europe,2014,4238389
Croatia,HRV,Emerging and Developing Europe,2015,4203604
Croatia,HRV,Emerging and Developing Europe,2016,4174349
Croatia,HRV,Emerging and Developing Europe,2017,4124531
Croatia,HRV,Emerging and Developing Europe,2018,4087843
Croatia,HRV,Emerging and Developing Europe,2019,4065253
Croatia,HRV,Emerging and Developing Europe,2020,4047680
Croatia,HRV,Emerging and Developing Europe,2021,3899000
Croatia,HRV,Emerging and Developing Europe,2022,3899000
Croatia,HRV,Emerging and Developing Europe,2023,3899000
Cyprus,CYP,Advanced Economies,2014,1176995
Cyprus,CYP,Advanced Economies,2015,1187280
Cyprus,CYP,Advanced Economies,2016,1197881
Cyprus,CYP,Advanced Economies,2017,1208523
Cyprus,CYP,Advanced Economies,2018,1218831
Cyprus,CYP,Advanced Economies,2019,1228836
Cyprus,CYP,Advanced Economies,2020,1237537
Cyprus,CYP,Advanced Economies,2021,1244188
Cyprus,CYP,Advanced Economies,2022,1244188
Cyprus,CYP,Advanced Economies,2023,1244188
Czech Republic,CZE,Advanced Economies,2014,10525347
Czech Republic,CZE,Advanced Economies,2015,10546059
Czech Republic,CZE,Advanced Economies,2016,10566332
Czech Republic,CZE,Advanced Economies,2017,10594438
Czech Republic,CZE,Advanced Economies,2018,10629928
Czech Republic,CZE,Advanced Economies,2019,10671870
Czech Republic,CZE,Advanced Economies,2020,10697858
Czech Republic,CZE,Advanced Economies,2021,10505772
Czech Republic,CZE,Advanced Economies,2022,10505772
Czech Republic,CZE,Advanced Economies,2023,10505772
Denmark,DNK,Advanced Economies,2014,5643475
Denmark,DNK,Advanced Economies,2015,5683483
Denmark,DNK,Advanced Economies,2016,5728010
Denmark,DNK,Advanced Economies,2017,5764980
Denmark,DNK,Advanced Economies,2018,5793636
Denmark,DNK,Advanced Economies,2019,5814422
Denmark,DNK,Advanced Economies,2020,5831404
Denmark,DNK,Advanced Economies,2021,5856733
Denmark,DNK,Advanced Economies,2022,5856733
Denmark,DNK,Advanced Economies,2023,5856733
Dominican Republic,DOM,Latin America and the Caribbean,2014,10282115
Dominican Republic,DOM,Latin America and the Caribbean,2015,10405832
Dominican Republic,DOM,Latin America and the Caribbean,2016,10527592
Dominican Republic,DOM,Latin America and the Caribbean,2017,10647244
Dominican Republic,DOM,Latin America and the Caribbean,2018,10765531
Dominican Republic,DOM,Latin America and the Caribbean,2019,10881882
Dominican Republic,DOM,Latin America and the Caribbean,2020,10999664
Dominican Republic,DOM,Latin America and the Caribbean,2021,11117873
Dominican Republic,DOM,Latin America and the Caribbean,2022,11117873
Dominican Republic,DOM,Latin America and the Caribbean,2023,11117873
Ecuador,ECU,Latin America and the Caribbean,2014,15957994
Ecuador,ECU,Latin America and the Caribbean,2015,16195902
Ecuador,ECU,Latin America and the Caribbean,2016,16439585
Ecuador,ECU,Latin America and the Caribbean,2017,16696944
Ecuador,ECU,Latin America and the Caribbean,2018,17015672
Ecuador,ECU,Latin America and the Caribbean,2019,17343740
Ecuador,ECU,Latin America and the Caribbean,2020,17588595
Ecuador,ECU,Latin America and the Caribbean,2021,17797737
Ecuador,ECU,Latin America and the Caribbean,2022,17797737
Ecuador,ECU,Latin America and the Caribbean,2023,17797737
"Egypt, Arab Rep.",EGY,"Middle East, North Africa and Pakistan",2014,95592324
"Egypt, Arab Rep.",EGY,"Middle East, North Africa and Pakistan",2015,97723799
"Egypt, Arab Rep.",EGY,"Middle East, North Africa and Pakistan",2016,99784030
"Egypt, Arab Rep.",EGY,"Middle East, North Africa and Pakistan",2017,101789386
"Egypt, Arab Rep.",EGY,"Middle East, North Africa and Pakistan",2018,103740765
"Egypt, Arab Rep.",EGY,"Middle East, North Africa and Pakistan",2019,105618671
"Egypt, Arab Rep.",EGY,"Middle East, North Africa and Pakistan",2020,107465134
"Egypt, Arab Rep.",EGY,"Middle East, North Africa and Pakistan",2021,109262178
"Egypt, Arab Rep.",EGY,"Middle East, North Africa and Pakistan",2022,109262178
"Egypt, Arab Rep.",EGY,"Middle East, North Africa and Pakistan",2023,109262178
El Salvador,SLV,Latin America and the Caribbean,2014,6209526
El Salvador,SLV,Latin America and the Caribbean,2015,6231066
El Salvador,SLV,Latin America and the Caribbean,2016,6250510
El Salvador,SLV,Latin America and the Caribbean,2017,6266654
El Salvador,SLV,Latin America and the Caribbean,2018,6276342
El Salvador,SLV,Latin America and the Caribbean,2019,6280217
El Salvador,SLV,Latin America and the Caribbean,2020,6292731
El Salvador,SLV,Latin America and the Caribbean,2021,6314167
El Salvador,SLV,Latin America and the Caribbean,2022,6314167
El Salvador,SLV,Latin America and the Caribbean,2023,6314167
Estonia,EST,Advanced Economies,2014,1314545
Estonia,EST,Advanced Economies,2015,1315407
Estonia,EST,Advanced Economies,2016,1315790
Estonia,EST,Advanced Economies,2017,1317384
Estonia,EST,Advanced Economies,2018,1321977
Estonia,EST,Advanced Economies,2019,1326898
Estonia,EST,Advanced Economies,2020,1329522
Estonia,EST,Advanced Economies,2021,1330932
Estonia,EST,Advanced Economies,2022,1330932
Estonia,EST,Advanced Economies,2023,1330932
Ethiopia,ETH,Sub-Saharan Africa,2014,99746766
Ethiopia,ETH,Sub-Saharan Africa,2015,102471895
Ethiopia,ETH,Sub-Saharan Africa,2016,105293228
Ethiopia,ETH,Sub-Saharan Africa,2017,108197950
Ethiopia,ETH,Sub-Saharan Africa,2018,111129438
Ethiopia,ETH,Sub-Saharan Africa,2019,114120594
Ethiopia,ETH,Sub-Saharan Africa,2020,117190911
Ethiopia,ETH,Sub-Saharan Africa,2021,120283026
Ethiopia,ETH,Sub-Saharan Africa,2022,120283026
Ethiopia,ETH,Sub-Saharan Africa,2023,120283026
Finland,FIN,Advanced Economies,2014,5461512
Finland,FIN,Advanced Economies,2015,5479531
Finland,FIN,Advanced Economies,2016,5495303
Finland,FIN,Advanced Economies,2017,5508214
Finland,FIN,Advanced Economies,2018,5515525
Finland,FIN,Advanced Economies,2019,5521606
Finland,FIN,Advanced Economies,2020,5529543
Finland,FIN,Advanced Economies,2021,5541017
Finland,FIN,Advanced Economies,2022,5541017
Finland,FIN,Advanced Economies,2023,5541017
France,FRA,Advanced Economies,2014,66312067
France,FRA,Advanced Economies,2015,66548272
France,FRA,Advanced Economies,2016,66724104
France,FRA,Advanced Economies,2017,66918020
France,FRA,Advanced Economies,2018,67158348
France,FRA,Advanced Economies,2019,67388001
France,FRA,Advanced Economies,2020,67571107
France,FRA,Advanced Economies,2021,67749632
France,FRA,Advanced Economies,2022,67749632
France,FRA,Advanced Economies,2023,67749632
Gabon,GAB,Sub-Saharan Africa,2014,1966855
Gabon,GAB,Sub-Saharan Africa,2015,2028517
Gabon,GAB,Sub-Saharan Africa,2016,2086206
Gabon,GAB,Sub-Saharan Africa,2017,2140215
Gabon,GAB,Sub-Saharan Africa,2018,2192012
Gabon,GAB,Sub-Saharan Africa,2019,2242785
Gabon,GAB,Sub-Saharan Africa,2020,2292573
Gabon,GAB,Sub-Saharan Africa,2021,2341179
Gabon,GAB,Sub-Saharan Africa,2022,2341179
Gabon,GAB,Sub-Saharan Africa,2023,2341179
Georgia,GEO,Commonwealth of Independent States,2014,3719414
Georgia,GEO,Commonwealth of Independent States,2015,3725276
Georgia,GEO,Commonwealth of Independent States,2016,3727505
Georgia,GEO,Commonwealth of Independent States,2017,3728004
Georgia,GEO,Commonwealth of Independent States,2018,3726549
Georgia,GEO,Commonwealth of Independent States,2019,3720161
Georgia,GEO,Commonwealth of Independent States,2020,3722716
Georgia,GEO,Commonwealth of Independent States,2021,3708610
Georgia,GEO,Commonwealth of Independent States,2022,3708610
Georgia,GEO,Commonwealth of Independent States,2023,3708610
Germany,DEU,Advanced Economies,2014,80982500
Germany,DEU,Advanced Economies,2015,81686611
Germany,DEU,Advanced Economies,2016,82348669
Germany,DEU,Advanced Economies,2017,82657002
Germany,DEU,Advanced Economies,2018,82905782
Germany,DEU,Advanced Economies,2019,83092962
Germany,DEU,Advanced Economies,2020,83160871
Germany,DEU,Advanced Economies,2021,83196078
Germany,DEU,Advanced Economies,2022,83196078
Germany,DEU,Advanced Economies,2023,83196078
Ghana,GHA,Sub-Saharan Africa,2014,28196358
Ghana,GHA,Sub-Saharan Africa,2015,28870939
Ghana,GHA,Sub-Saharan Africa,2016,29554303
Ghana,GHA,Sub-Saharan Africa,2017,30222262
Ghana,GHA,Sub-Saharan Africa,2018,30870641
Ghana,GHA,Sub-Saharan Africa,2019,31522290
Ghana,GHA,Sub-Saharan Africa,2020,32180401
Ghana,GHA,Sub-Saharan Africa,2021,32833031
Ghana,GHA,Sub-Saharan Africa,2022,32833031
Ghana,GHA,Sub-Saharan Africa,2023,32833031
Greece,GRC,Advanced Economies,2014,10892413
Greece,GRC,Advanced Economies,2015,10820883
Greece,GRC,Advanced Economies,2016,10775971
Greece,GRC,Advanced Economies,2017,10754679
Greece,GRC,Advanced Economies,2018,10732882
Greece,GRC,Advanced Economies,2019,10721582
Greece,GRC,Advanced Economies,2020,10698599
Greece,GRC,Advanced Economies,2021,10641221
Greece,GRC,Advanced Economies,2022,10641221
Greece,GRC,Advanced Economies,2023,10641221
Guatemala,GTM,Latin America and the Caribbean,2014,15306316
Guatemala,GTM,Latin America and the Caribbean,2015,15567419
Guatemala,GTM,Latin America and the Caribbean,2016,15827690
Guatemala,GTM,Latin America and the Caribbean,2017,16087418
Guatemala,GTM,Latin America and the Caribbean,2018,16346950
Guatemala,GTM,Latin America and the Caribbean,2019,16604026
Guatemala,GTM,Latin America and the Caribbean,2020,16858333
Guatemala,GTM,Latin America and the Caribbean,2021,17109746
Guatemala,GTM,Latin America and the Caribbean,2022,17109746
Guatemala,GTM,Latin America and the Caribbean,2023,17109746
Honduras,HND,Latin America and the Caribbean,2014,9127846
Honduras,HND,Latin America and the Caribbean,2015,9294505
Honduras,HND,Latin America and the Caribbean,2016,9460798
Honduras,HND,Latin America and the Caribbean,2017,9626842
Honduras,HND,Latin America and the Caribbean,2018,9792850
Honduras,HND,Latin America and the Caribbean,2019,9958829
Honduras,HND,Latin America and the Caribbean,2020,10121763
Honduras,HND,Latin America and the Caribbean,2021,10278345
Honduras,HND,Latin America and the Caribbean,2022,10278345
Honduras,HND,Latin America and the Caribbean,2023,10278345
Hungary,HUN,Emerging and Developing Europe,2014,9866468
Hungary,HUN,Emerging and Developing Europe,2015,9843028
Hungary,HUN,Emerging and Developing Europe,2016,9814023
Hungary,HUN,Emerging and Developing Europe,2017,9787966
Hungary,HUN,Emerging and Developing Europe,2018,9775564
Hungary,HUN,Emerging and Developing Europe,2019,9771141
Hungary,HUN,Emerging and Developing Europe,2020,9750149
Hungary,HUN,Emerging and Developing Europe,2021,9709891
Hungary,HUN,Emerging and Developing Europe,2022,9709891
Hungary,HUN,Emerging and Developing Europe,2023,9709891
Iceland,ISL,Advanced Economies,2014,327386
Iceland,ISL,Advanced Economies,2015,330815
Iceland,ISL,Advanced Economies,2016,335439
Iceland,ISL,Advanced Economies,2017,343400
Iceland,ISL,Advanced Economies,2018,352721
Iceland,ISL,Advanced Economies,2019,360563
Iceland,ISL,Advanced Economies,2020,366463
Iceland,ISL,Advanced Economies,2021,372520
Iceland,ISL,Advanced Economies,2022,372520
Iceland,ISL,Advanced Economies,2023,372520
India,IND,Emerging and Developing Asia,2014,1307246509
India,IND,Emerging and Developing Asia,2015,1322866505
India,IND,Emerging and Developing Asia,2016,1338636340
India,IND,Emerging and Developing Asia,2017,1354195680
India,IND,Emerging and Developing Asia,2018,1369003306
India,IND,Emerging and Developing Asia,2019,1383112050
India,IND,Emerging and Developing Asia,2020,1396387127
India,IND,Emerging and Developing Asia,2021,1407563842
India,IND,Emerging and Developing Asia,2022,1407563842
India,IND,Emerging and Developing Asia,2023,1407563842
Indonesia,IDN,Emerging and Developing Asia,2014,256229761
Indonesia,IDN,Emerging and Developing Asia,2015,259091970
Indonesia,IDN,Emerging and Developing Asia,2016,261850182
Indonesia,IDN,Emerging and Developing Asia,2017,264498852
Indonesia,IDN,Emerging and Developing Asia,2018,267066843
Indonesia,IDN,Emerging and Developing Asia,2019,269582878
Indonesia,IDN,Emerging and Developing Asia,2020,271857970
Indonesia,IDN,Emerging and Developing Asia,2021,273753191
Indonesia,IDN,Emerging and Developing Asia,2022,273753191
Indonesia,IDN,Emerging and Developing Asia,2023,273753191
"Iran, Islamic Rep.",IRN,"Middle East, North Africa and Pakistan",2014,79961672
"Iran, Islamic Rep.",IRN,"Middle East, North Africa and Pakistan",2015,81790841
"Iran, Islamic Rep.",IRN,"Middle East, North Africa and Pakistan",2016,83306231
"Iran, Islamic Rep.",IRN,"Middle East, North Africa and Pakistan",2017,84505076
"Iran, Islamic Rep.",IRN,"Middle East, North Africa and Pakistan",2018,85617562
"Iran, Islamic Rep.",IRN,"Middle East, North Africa and Pakistan",2019,86564202
"Iran, Islamic Rep.",IRN,"Middle East, North Africa and Pakistan",2020,87290193
"Iran, Islamic Rep.",IRN,"Middle East, North Africa and Pakistan",2021,87923432
"Iran, Islamic Rep.",IRN,"Middle East, North Africa and Pakistan",2022,87923432
"Iran, Islamic Rep.",IRN,"Middle East, North Africa and Pakistan",2023,87923432
Ireland,IRL,Advanced Economies,2014,4657740
Ireland,IRL,Advanced Economies,2015,4701957
Ireland,IRL,Advanced Economies,2016,4755335
Ireland,IRL,Advanced Economies,2017,4807388
Ireland,IRL,Advanced Economies,2018,4867316
Ireland,IRL,Advanced Economies,2019,4934340
Ireland,IRL,Advanced Economies,2020,4985382
Ireland,IRL,Advanced Economies,2021,5033165
Ireland,IRL,Advanced Economies,2022,5033165
Ireland,IRL,Advanced Economies,2023,5033165
Israel,ISR,Advanced Economies,2014,8215700
Israel,ISR,Advanced Economies,2015,8380100
Israel,ISR,Advanced Economies,2016,8546000
Israel,ISR,Advanced Economies,2017,8713300
Israel,ISR,Advanced Economies,2018,8882800
Israel,ISR,Advanced Economies,2019,9054000
Israel,ISR,Advanced Economies,2020,9215100
Israel,ISR,Advanced Economies,2021,9364000
Israel,ISR,Advanced Economies,2022,9364000
Israel,ISR,Advanced Economies,2023,9364000
Italy,ITA,Advanced Economies,2014,60789140
Italy,ITA,Advanced Economies,2015,60730582
Italy,ITA,Advanced Economies,2016,60627498
Italy,ITA,Advanced Economies,2017,60536709
Italy,ITA,Advanced Economies,2018,60421760
Italy,ITA,Advanced Economies,2019,59729081
Italy,ITA,Advanced Economies,2020,59438851
Italy,ITA,Advanced Economies,2021,59109668
Italy,ITA,Advanced Economies,2022,59109668
Italy,ITA,Advanced Economies,2023,59109668
Jamaica,JAM,Latin America and the Caribbean,2014,2784543
Jamaica,JAM,Latin America and the Caribbean,2015,2794445
Jamaica,JAM,Latin America and the Caribbean,2016,2802695
Jamaica,JAM,Latin America and the Caribbean,2017,2808376
Jamaica,JAM,Latin America and the Caribbean,2018,2811835
Jamaica,JAM,Latin America and the Caribbean,2019,2813773
Jamaica,JAM,Latin America and the Caribbean,2020,2820436
Jamaica,JAM,Latin America and the Caribbean,2021,2827695
Jamaica,JAM,Latin America and the Caribbean,2022,2827695
Jamaica,JAM,Latin America and the Caribbean,2023,2827695
Japan,JPN,Advanced Economies,2014,127276000
Japan,JPN,Advanced Economies,2015,127141000
Japan,JPN,Advanced Economies,2016,127076000
Japan,JPN,Advanced Economies,2017,126972000
Japan,JPN,Advanced Economies,2018,126811000
Japan,JPN,Advanced Economies,2019,126633000
Japan,JPN,Advanced Economies,2020,126261000
Japan,JPN,Advanced Economies,2021,125681593
Japan,JPN,Advanced Economies,2022,125681593
Japan,JPN,Advanced Economies,2023,125681593
Jordan,JOR,"Middle East, North Africa and Pakistan",2014,8658026
Jordan,JOR,"Middle East, North Africa and Pakistan",2015,9494246
Jordan,JOR,"Middle East, North Africa and Pakistan",2016,9964656
Jordan,JOR,"Middle East, North Africa and Pakistan",2017,10215381
Jordan,JOR,"Middle East, North Africa and Pakistan",2018,10459865
Jordan,JOR,"Middle East, North Africa and Pakistan",2019,10698683
Jordan,JOR,"Middle East, North Africa and Pakistan",2020,10928721
Jordan,JOR,"Middle East, North Africa and Pakistan",2021,11148278
Jordan,JOR,"Middle East, North Africa and Pakistan",2022,11148278
Jordan,JOR,"Middle East, North Africa and Pakistan",2023,11148278
Kazakhstan,KAZ,Commonwealth of Independent States,2014,17288285
Kazakhstan,KAZ,Commonwealth of Independent States,2015,17542806
Kazakhstan,KAZ,Commonwealth of Independent States,2016,17794055
Kazakhstan,KAZ,Commonwealth of Independent States,2017,18037776
Kazakhstan,KAZ,Commonwealth of Independent States,2018,18276452
Kazakhstan,KAZ,Commonwealth of Independent States,2019,18513673
Kazakhstan,KAZ,Commonwealth of Independent States,2020,18755666
Kazakhstan,KAZ,Commonwealth of Independent States,2021,19000988
Kazakhstan,KAZ,Commonwealth of Independent States,2022,19000988
Kazakhstan,KAZ,Commonwealth of Independent States,2023,19000988
Kenya,KEN,Sub-Saharan Africa,2014,45831863
Kenya,KEN,Sub-Saharan Africa,2015,46851488
Kenya,KEN,Sub-Saharan Africa,2016,47894670
Kenya,KEN,Sub-Saharan Africa,2017,48948137
Kenya,KEN,Sub-Saharan Africa,2018,49953304
Kenya,KEN,Sub-Saharan Africa,2019,50951450
Kenya,KEN,Sub-Saharan Africa,2020,51985780
Kenya,KEN,Sub-Saharan Africa,2021,53005614
Kenya,KEN,Sub-Saharan Africa,2022,53005614
Kenya,KEN,Sub-Saharan Africa,2023,53005614
"Korea, Rep.",KOR,Advanced Economies,2014,50746659
"Korea, Rep.",KOR,Advanced Economies,2015,51014947
"Korea, Rep.",KOR,Advanced Economies,2016,51217803
"Korea, Rep.",KOR,Advanced Economies,2017,51361911
"Korea, Rep.",KOR,Advanced Economies,2018,51585058
"Korea, Rep.",KOR,Advanced Economies,2019,51764822
"Korea, Rep.",KOR,Advanced Economies,2020,51836239
"Korea, Rep.",KOR,Advanced Economies,2021,51744876
"Korea, Rep.",KOR,Advanced Economies,2022,51744876
"Korea, Rep.",KOR,Advanced Economies,2023,51744876
Kuwait,KWT,"Middle East, North Africa and Pakistan",2014,3761584
Kuwait,KWT,"Middle East, North Africa and Pakistan",2015,3908743
Kuwait,KWT,"Middle East, North Africa and Pakistan",2016,4048085
Kuwait,KWT,"Middle East, North Africa and Pakistan",2017,4124904
Kuwait,KWT,"Middle East, North Africa and Pakistan",2018,4317185
Kuwait,KWT,"Middle East, North Africa and Pakistan",2019,4441100
Kuwait,KWT,"Middle East, North Africa and Pakistan",2020,4360444
Kuwait,KWT,"Middle East, North Africa and Pakistan",2021,4250114
Kuwait,KWT,"Middle East, North Africa and Pakistan",2022,4250114
Kuwait,KWT,"Middle East, North Africa and Pakistan",2023,4250114
Kyrgyz Republic,KGZ,Commonwealth of Independent States,2014,5835500
Kyrgyz Republic,KGZ,Commonwealth of Independent States,2015,5956900
Kyrgyz Republic,KGZ,Commonwealth of Independent States,2016,6079500
Kyrgyz Republic,KGZ,Commonwealth of Independent States,2017,6198200
Kyrgyz Republic,KGZ,Commonwealth of Independent States,2018,6322800
Kyrgyz Republic,KGZ,Commonwealth of Independent States,2019,6456200
Kyrgyz Republic,KGZ,Commonwealth of Independent States,2020,6579900
Kyrgyz Republic,KGZ,Commonwealth of Independent States,2021,6691800
Kyrgyz Republic,KGZ,Commonwealth of Independent States,2022,6691800
Kyrgyz Republic,KGZ,Commonwealth of Independent States,2023,6691800
Lao PDR,LAO,Emerging and Developing Asia,2014,6691454
Lao PDR,LAO,Emerging and Developing Asia,2015,6787419
Lao PDR,LAO,Emerging and Developing Asia,2016,6891363
Lao PDR,LAO,Emerging and Developing Asia,2017,6997917
Lao PDR,LAO,Emerging and Developing Asia,2018,7105006
Lao PDR,LAO,Emerging and Developing Asia,2019,7212053
Lao PDR,LAO,Emerging and Developing Asia,2020,7319399
Lao PDR,LAO,Emerging and Developing Asia,2021,7425057
Lao PDR,LAO,Emerging and Developing Asia,2022,7425057
Lao PDR,LAO,Emerging and Developing Asia,2023,7425057
Latvia,LVA,Emerging and Developing Europe,2014,1993782
Latvia,LVA,Emerging and Developing Europe,2015,1977527
Latvia,LVA,Emerging and Developing Europe,2016,1959537
Latvia,LVA,Emerging and Developing Europe,2017,1942248
Latvia,LVA,Emerging and Developing Europe,2018,1927174
Latvia,LVA,Emerging and Developing Europe,2019,1913822
Latvia,LVA,Emerging and Developing Europe,2020,1900449
Latvia,LVA,Emerging and Developing Europe,2021,1884490
Latvia,LVA,Emerging and Developing Europe,2022,1884490
Latvia,LVA,Emerging and Developing Europe,2023,1884490
Lebanon,LBN,"Middle East, North Africa and Pakistan",2014,6274342
Lebanon,LBN,"Middle East, North Africa and Pakistan",2015,6398940
Lebanon,LBN,"Middle East, North Africa and Pakistan",2016,6258619
Lebanon,LBN,"Middle East, North Africa and Pakistan",2017,6109252
Lebanon,LBN,"Middle East, North Africa and Pakistan",2018,5950839
Lebanon,LBN,"Middle East, North Africa and Pakistan",2019,5781907
Lebanon,LBN,"Middle East, North Africa and Pakistan",2020,5662923
Lebanon,LBN,"Middle East, North Africa and Pakistan",2021,5592631
Lebanon,LBN,"Middle East, North Africa and Pakistan",2022,5592631
Lebanon,LBN,"Middle East, North Africa and Pakistan",2023,5592631
Lithuania,LTU,Emerging and Developing Europe,2014,2932367
Lithuania,LTU,Emerging and Developing Europe,2015,2904910
Lithuania,LTU,Emerging and Developing Europe,2016,2868231
Lithuania,LTU,Emerging and Developing Europe,2017,2828403
Lithuania,LTU,Emerging and Developing Europe,2018,2801543
Lithuania,LTU,Emerging and Developing Europe,2019,2794137
Lithuania,LTU,Emerging and Developing Europe,2020,2794885
Lithuania,LTU,Emerging and Developing Europe,2021,2800839
Lithuania,LTU,Emerging and Developing Europe,2022,2800839
Lithuania,LTU,Emerging and Developing Europe,2023,2800839
Luxembourg,LUX,Advanced Economies,2014,556319
Luxembourg,LUX,Advanced Economies,2015,569604
Luxembourg,LUX,Advanced Economies,2016,582014
Luxembourg,LUX,Advanced Economies,2017,596336
Luxembourg,LUX,Advanced Economies,2018,607950
Luxembourg,LUX,Advanced Economies,2019,620001
Luxembourg,LUX,Advanced Economies,2020,630419
Luxembourg,LUX,Advanced Economies,2021,640064
Luxembourg,LUX,Advanced Economies,2022,640064
Luxembourg,LUX,Advanced Economies,2023,640064
"Macedonia, FYR",MKD,Emerging and Developing Europe,2014,2067471
"Macedonia, FYR",MKD,Emerging and Developing Europe,2015,2070226
"Macedonia, FYR",MKD,Emerging and Developing Europe,2016,2072490
"Macedonia, FYR",MKD,Emerging and Developing Europe,2017,2074502
"Macedonia, FYR",MKD,Emerging and Developing Europe,2018,2076217
"Macedonia, FYR",MKD,Emerging and Developing Europe,2019,2076694
"Macedonia, FYR",MKD,Emerging and Developing Europe,2020,2072531
"Macedonia, FYR",MKD,Emerging and Developing Europe,2021,2065092
"Macedonia, FYR",MKD,Emerging and Developing Europe,2022,2065092
"Macedonia, FYR",MKD,Emerging and Developing Europe,2023,2065092
Malaysia,MYS,Emerging and Developing Asia,2014,30606459
Malaysia,MYS,Emerging and Developing Asia,2015,31068833
Malaysia,MYS,Emerging and Developing Asia,2016,31526418
Malaysia,MYS,Emerging and Developing Asia,2017,31975806
Malaysia,MYS,Emerging and Developing Asia,2018,32399271
Malaysia,MYS,Emerging and Developing Asia,2019,32804020
Malaysia,MYS,Emerging and Developing Asia,2020,33199993
Malaysia,MYS,Emerging and Developing Asia,2021,33573874
Malaysia,MYS,Emerging and Developing Asia,2022,33573874
Malaysia,MYS,Emerging and Developing Asia,2023,33573874
Malta,MLT,Advanced Economies,2014,434558
Malta,MLT,Advanced Economies,2015,445053
Malta,MLT,Advanced Economies,2016,455356
Malta,MLT,Advanced Economies,2017,467999
Malta,MLT,Advanced Economies,2018,484630
Malta,MLT,Advanced Economies,2019,504062
Malta,MLT,Advanced Economies,2020,515332
Malta,MLT,Advanced Economies,2021,518536
Malta,MLT,Advanced Economies,2022,518536
Malta,MLT,Advanced Economies,2023,518536
Mauritius,MUS,Sub-Saharan Africa,2014,1260934
Mauritius,MUS,Sub-Saharan Africa,2015,1262605
Mauritius,MUS,Sub-Saharan Africa,2016,1263473
Mauritius,MUS,Sub-Saharan Africa,2017,1264613
Mauritius,MUS,Sub-Saharan Africa,2018,1265303
Mauritius,MUS,Sub-Saharan Africa,2019,1265711
Mauritius,MUS,Sub-Saharan Africa,2020,1265740
Mauritius,MUS,Sub-Saharan Africa,2021,1266060
Mauritius,MUS,Sub-Saharan Africa,2022,1266060
Mauritius,MUS,Sub-Saharan Africa,2023,1266060
Mexico,MEX,Latin America and the Caribbean,2014,118755887
Mexico,MEX,Latin America and the Caribbean,2015,120149897
Mexico,MEX,Latin America and the Caribbean,2016,121519221
Mexico,MEX,Latin America and the Caribbean,2017,122839258
Mexico,MEX,Latin America and the Caribbean,2018,124013861
Mexico,MEX,Latin America and the Caribbean,2019,125085311
Mexico,MEX,Latin America and the Caribbean,2020,125998302
Mexico,MEX,Latin America and the Caribbean,2021,126705138
Mexico,MEX,Latin America and the Caribbean,2022,126705138
Mexico,MEX,Latin America and the Caribbean,2023,126705138
Mongolia,MNG,Emerging and Developing Asia,2014,2902823
Mongolia,MNG,Emerging and Developing Asia,2015,2964749
Mongolia,MNG,Emerging and Developing Asia,2016,3029555
Mongolia,MNG,Emerging and Developing Asia,2017,3096030
Mongolia,MNG,Emerging and Developing Asia,2018,3163991
Mongolia,MNG,Emerging and Developing Asia,2019,3232430
Mongolia,MNG,Emerging and Developing Asia,2020,3294335
Mongolia,MNG,Emerging and Developing Asia,2021,3347782
Mongolia,MNG,Emerging and Developing Asia,2022,3347782
Mongolia,MNG,Emerging and Developing Asia,2023,3347782
Montenegro,MNE,Emerging and Developing Europe,2014,621810
Montenegro,MNE,Emerging and Developing Europe,2015,622159
Montenegro,MNE,Emerging and Developing Europe,2016,622303
Montenegro,MNE,Emerging and Developing Europe,2017,622373
Montenegro,MNE,Emerging and Developing Europe,2018,622227
Montenegro,MNE,Emerging and Developing Europe,2019,622028
Montenegro,MNE,Emerging and Developing Europe,2020,621306
Montenegro,MNE,Emerging and Developing Europe,2021,619211
Montenegro,MNE,Emerging and Developing Europe,2022,619211
Montenegro,MNE,Emerging and Developing Europe,2023,619211
Morocco,MAR,"Middle East, North Africa and Pakistan",2014,34248603
Morocco,MAR,"Middle East, North Africa and Pakistan",2015,34680458
Morocco,MAR,"Middle East, North Africa and Pakistan",2016,35107264
Morocco,MAR,"Middle East, North Africa and Pakistan",2017,35528115
Morocco,MAR,"Middle East, North Africa and Pakistan",2018,35927511
Morocco,MAR,"Middle East, North Africa and Pakistan",2019,36304408
Morocco,MAR,"Middle East, North Africa and Pakistan",2020,36688772
Morocco,MAR,"Middle East, North Africa and Pakistan",2021,37076584
Morocco,MAR,"Middle East, North Africa and Pakistan",2022,37076584
Morocco,MAR,"Middle East, North Africa and Pakistan",2023,37076584
Mozambique,MOZ,Sub-Saharan Africa,2014,26038704
Mozambique,MOZ,Sub-Saharan Africa,2015,26843246
Mozambique,MOZ,Sub-Saharan Africa,2016,27696493
Mozambique,MOZ,Sub-Saharan Africa,2017,28569441
Mozambique,MOZ,Sub-Saharan Africa,2018,29423878
Mozambique,MOZ,Sub-Saharan Africa,2019,30285595
Mozambique,MOZ,Sub-Saharan Africa,2020,31178239
Mozambique,MOZ,Sub-Saharan Africa,2021,32077072
Mozambique,MOZ,Sub-Saharan Africa,2022,32077072
Mozambique,MOZ,Sub-Saharan Africa,2023,32077072
Namibia,NAM,Sub-Saharan Africa,2014,2243001
Namibia,NAM,Sub-Saharan Africa,2015,2282704
Namibia,NAM,Sub-Saharan Africa,2016,2323352
Namibia,NAM,Sub-Saharan Africa,2017,2364534
Namibia,NAM,Sub-Saharan Africa,2018,2405680
Namibia,NAM,Sub-Saharan Africa,2019,2446644
Namibia,NAM,Sub-Saharan Africa,2020,2489098
Namibia,NAM,Sub-Saharan Africa,2021,2530151
Namibia,NAM,Sub-Saharan Africa,2022,2530151
Namibia,NAM,Sub-Saharan Africa,2023,2530151
Nepal,NPL,Emerging and Developing Asia,2014,27462106
Nepal,NPL,Emerging and Developing Asia,2015,27610325
Nepal,NPL,Emerging and Developing Asia,2016,27861186
Nepal,NPL,Emerging and Developing Asia,2017,28183426
Nepal,NPL,Emerging and Developing Asia,2018,28506712
Nepal,NPL,Emerging and Developing Asia,2019,28832496
Nepal,NPL,Emerging and Developing Asia,2020,29348627
Nepal,NPL,Emerging and Developing Asia,2021,30034989
Nepal,NPL,Emerging and Developing Asia,2022,30034989
Nepal,NPL,Emerging and Developing Asia,2023,30034989
Netherlands,NLD,Advanced Economies,2014,16865008
Netherlands,NLD,Advanced Economies,2015,16939923
Netherlands,NLD,Advanced Economies,2016,17030314
Netherlands,NLD,Advanced Economies,2017,17131296
Netherlands,NLD,Advanced Economies,2018,17231624
Netherlands,NLD,Advanced Economies,2019,17344874
Netherlands,NLD,Advanced Economies,2020,17441500
Netherlands,NLD,Advanced Economies,2021,17533044
Netherlands,NLD,Advanced Economies,2022,17533044
Netherlands,NLD,Advanced Economies,2023,17533044
New Zealand,NZL,Advanced Economies,2014,4516500
New Zealand,NZL,Advanced Economies,2015,4609400
New Zealand,NZL,Advanced Economies,2016,4714100
New Zealand,NZL,Advanced Economies,2017,4813600
New Zealand,NZL,Advanced Economies,2018,4900600
New Zealand,NZL,Advanced Economies,2019,4979200
New Zealand,NZL,Advanced Economies,2020,5090200
New Zealand,NZL,Advanced Economies,2021,5122600
New Zealand,NZL,Advanced Economies,2022,5122600
New Zealand,NZL,Advanced Economies,2023,5122600
Nicaragua,NIC,Latin America and the Caribbean,2014,6208676
Nicaragua,NIC,Latin America and the Caribbean,2015,6298598
Nicaragua,NIC,Latin America and the Caribbean,2016,6389235
Nicaragua,NIC,Latin America and the Caribbean,2017,6480532
Nicaragua,NIC,Latin America and the Caribbean,2018,6572233
Nicaragua,NIC,Latin America and the Caribbean,2019,6663924
Nicaragua,NIC,Latin America and the Caribbean,2020,6755895
Nicaragua,NIC,Latin America and the Caribbean,2021,6850540
Nicaragua,NIC,Latin America and the Caribbean,2022,6850540
Nicaragua,NIC,Latin America and the Caribbean,2023,6850540
Nigeria,NGA,Sub-Saharan Africa,2014,179379016
Nigeria,NGA,Sub-Saharan Africa,2015,183995785
Nigeria,NGA,Sub-Saharan Africa,2016,188666931
Nigeria,NGA,Sub-Saharan Africa,2017,193495907
Nigeria,NGA,Sub-Saharan Africa,2018,198387623
Nigeria,NGA,Sub-Saharan Africa,2019,203304492
Nigeria,NGA,Sub-Saharan Africa,2020,208327405
Nigeria,NGA,Sub-Saharan Africa,2021,213401323
Nigeria,NGA,Sub-Saharan Africa,2022,213401323
Nigeria,NGA,Sub-Saharan Africa,2023,213401323
Norway,NOR,Advanced Economies,2014,5137232
Norway,NOR,Advanced Economies,2015,5188607
Norway,NOR,Advanced Economies,2016,5234519
Norway,NOR,Advanced Economies,2017,5276968
Norway,NOR,Advanced Economies,2018,5311916
Norway,NOR,Advanced Economies,2019,5347896
Norway,NOR,Advanced Economies,2020,5379475
Norway,NOR,Advanced Economies,2021,5408320
Norway,NOR,Advanced Economies,2022,5408320
Norway,NOR,Advanced Economies,2023,5408320
Oman,OMN,"Middle East, North Africa and Pakistan",2014,4009267
Oman,OMN,"Middle East, North Africa and Pakistan",2015,4191776
Oman,OMN,"Middle East, North Africa and Pakistan",2016,4398070
Oman,OMN,"Middle East, North Africa and Pakistan",2017,4541854
Oman,OMN,"Middle East, North Africa and Pakistan",2018,4601157
Oman,OMN,"Middle East, North Africa and Pakistan",2019,4602768
Oman,OMN,"Middle East, North Africa and Pakistan",2020,4543399
Oman,OMN,"Middle East, North Africa and Pakistan",2021,4520471
Oman,OMN,"Middle East, North Africa and Pakistan",2022,4520471
Oman,OMN,"Middle East, North Africa and Pakistan",2023,4520471
Pakistan,PAK,"Middle East, North Africa and Pakistan",2014,208251628
Pakistan,PAK,"Middle East, North Africa and Pakistan",2015,210969298
Pakistan,PAK,"Middle East, North Africa and Pakistan",2016,213524840
Pakistan,PAK,"Middle East, North Africa and Pakistan",2017,216379655
Pakistan,PAK,"Middle East, North Africa and Pakistan",2018,219731479
Pakistan,PAK,"Middle East, North Africa and Pakistan",2019,223293280
Pakistan,PAK,"Middle East, North Africa and Pakistan",2020,227196741
Pakistan,PAK,"Middle East, North Africa and Pakistan",2021,231402117
Pakistan,PAK,"Middle East, North Africa and Pakistan",2022,231402117
Pakistan,PAK,"Middle East, North Africa and Pakistan",2023,231402117
Panama,PAN,Latin America and the Caribbean,2014,3888793
Panama,PAN,Latin America and the Caribbean,2015,3957099
Panama,PAN,Latin America and the Caribbean,2016,4026336
Panama,PAN,Latin America and the Caribbean,2017,4096063
Panama,PAN,Latin America and the Caribbean,2018,4165255
Panama,PAN,Latin America and the Caribbean,2019,4232532
Panama,PAN,Latin America and the Caribbean,2020,4294396
Panama,PAN,Latin America and the Caribbean,2021,4351267
Panama,PAN,Latin America and the Caribbean,2022,4351267
Panama,PAN,Latin America and the Caribbean,2023,4351267
Paraguay,PRY,Latin America and the Caribbean,2014,6090721
Paraguay,PRY,Latin America and the Caribbean,2015,6177950
Paraguay,PRY,Latin America and the Caribbean,2016,6266615
Paraguay,PRY,Latin America and the Caribbean,2017,6355404
Paraguay,PRY,Latin America and the Caribbean,2018,6443328
Paraguay,PRY,Latin America and the Caribbean,2019,6530026
Paraguay,PRY,Latin America and the Caribbean,2020,6618695
Paraguay,PRY,Latin America and the Caribbean,2021,6703799
Paraguay,PRY,Latin America and the Caribbean,2022,6703799
Paraguay,PRY,Latin America and the Caribbean,2023,6703799
Peru,PER,Latin America and the Caribbean,2014,30353951
Peru,PER,Latin America and the Caribbean,2015,30711863
Peru,PER,Latin America and the Caribbean,2016,31132779
Peru,PER,Latin America and the Caribbean,2017,31605486
Peru,PER,Latin America and the Caribbean,2018,32203944
Peru,PER,Latin America and the Caribbean,2019,32824861
Peru,PER,Latin America and the Caribbean,2020,33304756
Peru,PER,Latin America and the Caribbean,2021,33715471
Peru,PER,Latin America and the Caribbean,2022,33715471
Peru,PER,Latin America and the Caribbean,2023,33715471
Philippines,PHL,Emerging and Developing Asia,2014,101325201
Philippines,PHL,Emerging and Developing Asia,2015,103031365
Philippines,PHL,Emerging and Developing Asia,2016,104875266
Philippines,PHL,Emerging and Developing Asia,2017,106738501
Philippines,PHL,Emerging and Developing Asia,2018,108568836
Philippines,PHL,Emerging and Developing Asia,2019,110380804
Philippines,PHL,Emerging and Developing Asia,2020,112190977
Philippines,PHL,Emerging and Developing Asia,2021,113880328
Philippines,PHL,Emerging and Developing Asia,2022,113880328
Philippines,PHL,Emerging and Developing Asia,2023,113880328
Poland,POL,Emerging and Developing Europe,2014,38011735
Poland,POL,Emerging and Developing Europe,2015,37986412
Poland,POL,Emerging and Developing Europe,2016,37970087
Poland,POL,Emerging and Developing Europe,2017,37974826
Poland,POL,Emerging and Developing Europe,2018,37974750
Poland,POL,Emerging and Developing Europe,2019,37965475
Poland,POL,Emerging and Developing Europe,2020,37899070
Poland,POL,Emerging and Developing Europe,2021,37747124
Poland,POL,Emerging and Developing Europe,2022,37747124
Poland,POL,Emerging and Developing Europe,2023,37747124
Portugal,PRT,Advanced Economies,2014,10401062
Portugal,PRT,Advanced Economies,2015,10358076
Portugal,PRT,Advanced Economies,2016,10325452
Portugal,PRT,Advanced Economies,2017,10300300
Portugal,PRT,Advanced Economies,2018,10283822
Portugal,PRT,Advanced Economies,2019,10286263
Portugal,PRT,Advanced Economies,2020,10297081
Portugal,PRT,Advanced Economies,2021,10325147
Portugal,PRT,Advanced Economies,2022,10325147
Portugal,PRT,Advanced Economies,2023,10325147
Qatar,QAT,"Middle East, North Africa and Pakistan",2014,2214465
Qatar,QAT,"Middle East, North Africa and Pakistan",2015,2414573
Qatar,QAT,"Middle East, North Africa and Pakistan",2016,2595166
Qatar,QAT,"Middle East, North Africa and Pakistan",2017,2711755
Qatar,QAT,"Middle East, North Africa and Pakistan",2018,2766732
Qatar,QAT,"Middle East, North Africa and Pakistan",2019,2807235
Qatar,QAT,"Middle East, North Africa and Pakistan",2020,2760385
Qatar,QAT,"Middle East, North Africa and Pakistan",2021,2688235
Qatar,QAT,"Middle East, North Africa and Pakistan",2022,2688235
Qatar,QAT,"Middle East, North Africa and Pakistan",2023,2688235
Republic of Moldova,MDA,Emerging and Developing Europe,2014,2857815
Republic of Moldova,MDA,Emerging and Developing Europe,2015,2835978
Republic of Moldova,MDA,Emerging and Developing Europe,2016,2803186
Republic of Moldova,MDA,Emerging and Developing Europe,2017,2755189
Republic of Moldova,MDA,Emerging and Developing Europe,2018,2707203
Republic of Moldova,MDA,Emerging and Developing Europe,2019,2664224
Republic of Moldova,MDA,Emerging and Developing Europe,2020,2635130
Republic of Moldova,MDA,Emerging and Developing Europe,2021,2615199
Republic of Moldova,MDA,Emerging and Developing Europe,2022,2615199
Republic of Moldova,MDA,Emerging and Developing Europe,2023,2615199
Romania,ROU,Emerging and Developing Europe,2014,19908979
Romania,ROU,Emerging and Developing Europe,2015,19815616
Romania,ROU,Emerging and Developing Europe,2016,19702267
Romania,ROU,Emerging and Developing Europe,2017,19588715
Romania,ROU,Emerging and Developing Europe,2018,19473970
Romania,ROU,Emerging and Developing Europe,2019,19371648
Romania,ROU,Emerging and Developing Europe,2020,19265250
Romania,ROU,Emerging and Developing Europe,2021,19119880
Romania,ROU,Emerging and Developing Europe,2022,19119880
Romania,ROU,Emerging and Developing Europe,2023,19119880
Saudi Arabia,SAU,"Middle East, North Africa and Pakistan",2014,32125564
Saudi Arabia,SAU,"Middle East, North Africa and Pakistan",2015,32749848
Saudi Arabia,SAU,"Middle East, North Africa and Pakistan",2016,33416270
Saudi Arabia,SAU,"Middle East, North Africa and Pakistan",2017,34193122
Saudi Arabia,SAU,"Middle East, North Africa and Pakistan",2018,35018133
Saudi Arabia,SAU,"Middle East, North Africa and Pakistan",2019,35827362
Saudi Arabia,SAU,"Middle East, North Africa and Pakistan",2020,35997107
Saudi Arabia,SAU,"Middle East, North Africa and Pakistan",2021,35950396
Saudi Arabia,SAU,"Middle East, North Africa and Pakistan",2022,35950396
Saudi Arabia,SAU,"Middle East, North Africa and Pakistan",2023,35950396
Senegal,SEN,Sub-Saharan Africa,2014,13970308
Senegal,SEN,Sub-Saharan Africa,2015,14356181
Senegal,SEN,Sub-Saharan Africa,2016,14751356
Senegal,SEN,Sub-Saharan Africa,2017,15157793
Senegal,SEN,Sub-Saharan Africa,2018,15574909
Senegal,SEN,Sub-Saharan Africa,2019,16000781
Senegal,SEN,Sub-Saharan Africa,2020,16436120
Senegal,SEN,Sub-Saharan Africa,2021,16876720
Senegal,SEN,Sub-Saharan Africa,2022,16876720
Senegal,SEN,Sub-Saharan Africa,2023,16876720
Serbia,SRB,Emerging and Developing Europe,2014,7130576
Serbia,SRB,Emerging and Developing Europe,2015,7095383
Serbia,SRB,Emerging and Developing Europe,2016,7058322
Serbia,SRB,Emerging and Developing Europe,2017,7020858
Serbia,SRB,Emerging and Developing Europe,2018,6982604
Serbia,SRB,Emerging and Developing Europe,2019,6945235
Serbia,SRB,Emerging and Developing Europe,2020,6899126
Serbia,SRB,Emerging and Developing Europe,2021,6834326
Serbia,SRB,Emerging and Developing Europe,2022,6834326
Serbia,SRB,Emerging and Developing Europe,2023,6834326
Singapore,SGP,Advanced Economies,2014,5469724
Singapore,SGP,Advanced Economies,2015,5535002
Singapore,SGP,Advanced Economies,2016,5607283
Singapore,SGP,Advanced Economies,2017,5612253
Singapore,SGP,Advanced Economies,2018,5638676
Singapore,SGP,Advanced Economies,2019,5703569
Singapore,SGP,Advanced Economies,2020,5685807
Singapore,SGP,Advanced Economies,2021,5453566
Singapore,SGP,Advanced Economies,2022,5453566
Singapore,SGP,Advanced Economies,2023,5453566
Slovak Republic,SVK,Emerging and Developing Europe,2014,5418649
Slovak Republic,SVK,Emerging and Developing Europe,2015,5423801
Slovak Republic,SVK,Emerging and Developing Europe,2016,5430798
Slovak Republic,SVK,Emerging and Developing Europe,2017,5439232
Slovak Republic,SVK,Emerging and Developing Europe,2018,5446771
Slovak Republic,SVK,Emerging and Developing Europe,2019,5454147
Slovak Republic,SVK,Emerging and Developing Europe,2020,5458827
Slovak Republic,SVK,Emerging and Developing Europe,2021,5447247
Slovak Republic,SVK,Emerging and Developing Europe,2022,5447247
Slovak Republic,SVK,Emerging and Developing Europe,2023,5447247
Slovenia,SVN,Advanced Economies,2014,2061980
Slovenia,SVN,Advanced Economies,2015,2063531
Slovenia,SVN,Advanced Economies,2016,2065042
Slovenia,SVN,Advanced Economies,2017,2066388
Slovenia,SVN,Advanced Economies,2018,2073894
Slovenia,SVN,Advanced Economies,2019,2088385
Slovenia,SVN,Advanced Economies,2020,2102419
Slovenia,SVN,Advanced Economies,2021,2108079
Slovenia,SVN,Advanced Economies,2022,2108079
Slovenia,SVN,Advanced Economies,2023,2108079
South Africa,ZAF,Sub-Saharan Africa,2014,54729551
South Africa,ZAF,Sub-Saharan Africa,2015,55876504
South Africa,ZAF,Sub-Saharan Africa,2016,56422274
South Africa,ZAF,Sub-Saharan Africa,2017,56641209
South Africa,ZAF,Sub-Saharan Africa,2018,57339635
South Africa,ZAF,Sub-Saharan Africa,2019,58087055
South Africa,ZAF,Sub-Saharan Africa,2020,58801927
South Africa,ZAF,Sub-Saharan Africa,2021,59392255
South Africa,ZAF,Sub-Saharan Africa,2022,59392255
South Africa,ZAF,Sub-Saharan Africa,2023,59392255
Spain,ESP,Advanced Economies,2014,46480882
Sweden,ESP,Advanced Economies,2014,9696110
Switzerland,ESP,Advanced Economies,2014,8188649
United Kingdom,ESP,Advanced Economies,2014,64602298
United States,ESP,Advanced Economies,2014,318386329
Spain,ESP,Advanced Economies,2015,46444832
Sweden,ESP,Advanced Economies,2015,9799186
Switzerland,ESP,Advanced Economies,2015,8282396
United Kingdom,ESP,Advanced Economies,2015,65116219
United States,ESP,Advanced Economies,2015,320738994
Spain,LKA,Advanced Economies,2016,46484062
Sweden,LKA,Advanced Economies,2016,9923085
Switzerland,LKA,Advanced Economies,2016,8373338
United Kingdom,LKA,Advanced Economies,2016,65611593
United States,LKA,Advanced Economies,2016,323071755
Spain,LKA,Advanced Economies,2017,46593236
Sweden,LKA,Advanced Economies,2017,10057698
Switzerland,LKA,Advanced Economies,2017,8451840
United Kingdom,LKA,Advanced Economies,2017,66058859
United States,LKA,Advanced Economies,2017,325122128
Spain,SWE,Advanced Economies,2018,46797754
Sweden,SWE,Advanced Economies,2018,10175214
Switzerland,SWE,Advanced Economies,2018,8514329
United Kingdom,SWE,Advanced Economies,2018,66460344
United States,SWE,Advanced Economies,2018,326838199
Spain,SWE,Advanced Economies,2019,47134837
Sweden,SWE,Advanced Economies,2019,10278887
Switzerland,SWE,Advanced Economies,2019,8575280
United Kingdom,SWE,Advanced Economies,2019,66836327
United States,SWE,Advanced Economies,2019,328329953
Spain,CHE,Advanced Economies,2020,47365655
Sweden,CHE,Advanced Economies,2020,10353442
Switzerland,CHE,Advanced Economies,2020,8638167
United Kingdom,CHE,Advanced Economies,2020,67081000
United States,CHE,Advanced Economies,2020,331501080
Spain,CHE,Advanced Economies,2021,47415750
Sweden,CHE,Advanced Economies,2021,10415811
Switzerland,CHE,Advanced Economies,2021,8703405
United Kingdom,CHE,Advanced Economies,2021,67326569
United States,CHE,Advanced Economies,2021,331893745
Spain,TJK,Advanced Economies,2022,47415750
Sweden,TJK,Advanced Economies,2022,10415811
Switzerland,TJK,Advanced Economies,2022,8703405
United Kingdom,TJK,Advanced Economies,2022,67326569
United States,TJK,Advanced Economies,2022,331893745
Spain,TJK,Advanced Economies,2023,47415750
Sweden,TJK,Advanced Economies,2023,10415811
Switzerland,TJK,Advanced Economies,2023,8703405
United Kingdom,TJK,Advanced Economies,2023,67326569
United States,TJK,Advanced Economies,2023,331893745
Tajikistan,TZA,Commonwealth of Independent States,2014,8326348
Ukraine,TZA,Commonwealth of Independent States,2014,45272155
Tajikistan,TZA,Commonwealth of Independent States,2015,8524063
Ukraine,TZA,Commonwealth of Independent States,2015,45154036
Tajikistan,TZA,Commonwealth of Independent States,2016,8725318
Ukraine,TZA,Commonwealth of Independent States,2016,45004673
Tajikistan,TZA,Commonwealth of Independent States,2017,8925525
Ukraine,TZA,Commonwealth of Independent States,2017,44831135
Tajikistan,TZA,Commonwealth of Independent States,2018,9128132
Ukraine,TZA,Commonwealth of Independent States,2018,44622518
Tajikistan,THA,Commonwealth of Independent States,2019,9337003
Ukraine,THA,Commonwealth of Independent States,2019,44386203
Tajikistan,THA,Commonwealth of Independent States,2020,9543207
Ukraine,THA,Commonwealth of Independent States,2020,44132049
Tajikistan,THA,Commonwealth of Independent States,2021,9750064
Ukraine,THA,Commonwealth of Independent States,2021,43792855
Tajikistan,THA,Commonwealth of Independent States,2022,9750064
Ukraine,THA,Commonwealth of Independent States,2022,43792855
Tajikistan,THA,Commonwealth of Independent States,2023,9750064
Ukraine,THA,Commonwealth of Independent States,2023,43792855
Sri Lanka,TTO,Emerging and Developing Asia,2014,20778000
Thailand,TTO,Emerging and Developing Asia,2014,69960943
Vietnam,TTO,Emerging and Developing Asia,2014,91235504
Sri Lanka,TTO,Emerging and Developing Asia,2015,20970000
Thailand,TTO,Emerging and Developing Asia,2015,70294397
Vietnam,TTO,Emerging and Developing Asia,2015,92191398
Sri Lanka,TTO,Emerging and Developing Asia,2016,21203000
Thailand,TTO,Emerging and Developing Asia,2016,70607037
Vietnam,TTO,Emerging and Developing Asia,2016,93126529
Sri Lanka,TTO,Emerging and Developing Asia,2017,21444000
Thailand,TUN,Emerging and Developing Asia,2017,70898202
Vietnam,TUN,Emerging and Developing Asia,2017,94033048
Sri Lanka,TUN,Emerging and Developing Asia,2018,21670000
Thailand,TUN,Emerging and Developing Asia,2018,71127802
Vietnam,TUN,Emerging and Developing Asia,2018,94914330
Sri Lanka,TUN,Emerging and Developing Asia,2019,21803000
Thailand,TUN,Emerging and Developing Asia,2019,71307763
Vietnam,TUN,Emerging and Developing Asia,2019,95776716
Sri Lanka,TUN,Emerging and Developing Asia,2020,21919000
Thailand,TUN,Emerging and Developing Asia,2020,71475664
Vietnam,TUR,Emerging and Developing Asia,2020,96648685
Sri Lanka,TUR,Emerging and Developing Asia,2021,22156000
Thailand,TUR,Emerging and Developing Asia,2021,71601103
Vietnam,TUR,Emerging and Developing Asia,2021,97468029
Sri Lanka,TUR,Emerging and Developing Asia,2022,22156000
Thailand,TUR,Emerging and Developing Asia,2022,71601103
Vietnam,TUR,Emerging and Developing Asia,2022,97468029
Sri Lanka,TUR,Emerging and Developing Asia,2023,22156000
Thailand,TUR,Emerging and Developing Asia,2023,71601103
Vietnam,TUR,Emerging and Developing Asia,2023,97468029
Turkey,UKR,Emerging and Developing Europe,2014,78112073
Turkey,UKR,Emerging and Developing Europe,2015,79646178
Turkey,UKR,Emerging and Developing Europe,2016,81019394
Turkey,UKR,Emerging and Developing Europe,2017,82089826
Turkey,UKR,Emerging and Developing Europe,2018,82809304
Turkey,UKR,Emerging and Developing Europe,2019,83481684
Turkey,UKR,Emerging and Developing Europe,2020,84135428
Turkey,UKR,Emerging and Developing Europe,2021,84775404
Turkey,UKR,Emerging and Developing Europe,2022,84775404
Turkey,UKR,Emerging and Developing Europe,2023,84775404
Trinidad and Tobago,ARE,Latin America and the Caribbean,2014,1450661
Uruguay,ARE,Latin America and the Caribbean,2014,3391662
Venezuela,ARE,Latin America and the Caribbean,2014,30193258
Trinidad and Tobago,ARE,Latin America and the Caribbean,2015,1460177
Uruguay,ARE,Latin America and the Caribbean,2015,3402818
Venezuela,ARE,Latin America and the Caribbean,2015,30529716
Trinidad and Tobago,ARE,Latin America and the Caribbean,2016,1469330
Uruguay,ARE,Latin America and the Caribbean,2016,3413766
Venezuela,ARE,Latin America and the Caribbean,2016,30741464
Trinidad and Tobago,ARE,Latin America and the Caribbean,2017,1478607
Uruguay,GBR,Latin America and the Caribbean,2017,3422200
Venezuela,GBR,Latin America and the Caribbean,2017,30563433
Trinidad and Tobago,GBR,Latin America and the Caribbean,2018,1504709
Uruguay,GBR,Latin America and the Caribbean,2018,3427042
Venezuela,GBR,Latin America and the Caribbean,2018,29825653
Trinidad and Tobago,GBR,Latin America and the Caribbean,2019,1519955
Uruguay,GBR,Latin America and the Caribbean,2019,3428409
Venezuela,GBR,Latin America and the Caribbean,2019,28971683
Trinidad and Tobago,GBR,Latin America and the Caribbean,2020,1518147
Uruguay,GBR,Latin America and the Caribbean,2020,3429086
Venezuela,USA,Latin America and the Caribbean,2020,28490453
Trinidad and Tobago,USA,Latin America and the Caribbean,2021,1525663
Uruguay,USA,Latin America and the Caribbean,2021,3426260
Venezuela,USA,Latin America and the Caribbean,2021,28199867
Trinidad and Tobago,USA,Latin America and the Caribbean,2022,1525663
Uruguay,USA,Latin America and the Caribbean,2022,3426260
Venezuela,USA,Latin America and the Caribbean,2022,28199867
Trinidad and Tobago,USA,Latin America and the Caribbean,2023,1525663
Uruguay,USA,Latin America and the Caribbean,2023,3426260
Venezuela,USA,Latin America and the Caribbean,2023,28199867
Tunisia,URY,"Middle East, North Africa and Pakistan",2014,11428948
United Arab Emirates,URY,"Middle East, North Africa and Pakistan",2014,8835951
"Yemen, Rep.",URY,"Middle East, North Africa and Pakistan",2014,27753304
Tunisia,URY,"Middle East, North Africa and Pakistan",2015,11557779
United Arab Emirates,URY,"Middle East, North Africa and Pakistan",2015,8916899
"Yemen, Rep.",URY,"Middle East, North Africa and Pakistan",2015,28516545
Tunisia,URY,"Middle East, North Africa and Pakistan",2016,11685667
United Arab Emirates,URY,"Middle East, North Africa and Pakistan",2016,8994263
"Yemen, Rep.",URY,"Middle East, North Africa and Pakistan",2016,29274002
Tunisia,URY,"Middle East, North Africa and Pakistan",2017,11811443
United Arab Emirates,VEN,"Middle East, North Africa and Pakistan",2017,9068296
"Yemen, Rep.",VEN,"Middle East, North Africa and Pakistan",2017,30034389
Tunisia,VEN,"Middle East, North Africa and Pakistan",2018,11933041
United Arab Emirates,VEN,"Middle East, North Africa and Pakistan",2018,9140169
"Yemen, Rep.",VEN,"Middle East, North Africa and Pakistan",2018,30790513
Tunisia,VEN,"Middle East, North Africa and Pakistan",2019,12049314
United Arab Emirates,VEN,"Middle East, North Africa and Pakistan",2019,9211657
"Yemen, Rep.",VEN,"Middle East, North Africa and Pakistan",2019,31546691
Tunisia,VEN,"Middle East, North Africa and Pakistan",2020,12161723
United Arab Emirates,VEN,"Middle East, North Africa and Pakistan",2020,9287289
"Yemen, Rep.",VNM,"Middle East, North Africa and Pakistan",2020,32284046
Tunisia,VNM,"Middle East, North Africa and Pakistan",2021,12262946
United Arab Emirates,VNM,"Middle East, North Africa and Pakistan",2021,9365145
"Yemen, Rep.",VNM,"Middle East, North Africa and Pakistan",2021,32981641
Tunisia,VNM,"Middle East, North Africa and Pakistan",2022,12262946
United Arab Emirates,VNM,"Middle East, North Africa and Pakistan",2022,9365145
"Yemen, Rep.",VNM,"Middle East, North Africa and Pakistan",2022,32981641
Tunisia,VNM,"Middle East, North Africa and Pakistan",2023,12262946
United Arab Emirates,VNM,"Middle East, North Africa and Pakistan",2023,9365145
"Yemen, Rep.",VNM,"Middle East, North Africa and Pakistan",2023,32981641
Tanzania,YEM,Sub-Saharan Africa,2014,50814552
Zambia,YEM,Sub-Saharan Africa,2014,15737793
Zimbabwe,YEM,Sub-Saharan Africa,2014,13855753
Tanzania,YEM,Sub-Saharan Africa,2015,52542823
Zambia,YEM,Sub-Saharan Africa,2015,16248230
Zimbabwe,YEM,Sub-Saharan Africa,2015,14154937
Tanzania,YEM,Sub-Saharan Africa,2016,54401802
Zambia,YEM,Sub-Saharan Africa,2016,16767761
Zimbabwe,YEM,Sub-Saharan Africa,2016,14452704
Tanzania,YEM,Sub-Saharan Africa,2017,56267032
Zambia,ZMB,Sub-Saharan Africa,2017,17298054
Zimbabwe,ZMB,Sub-Saharan Africa,2017,14751101
Tanzania,ZMB,Sub-Saharan Africa,2018,58090443
Zambia,ZMB,Sub-Saharan Africa,2018,17835893
Zimbabwe,ZMB,Sub-Saharan Africa,2018,15052184
Tanzania,ZMB,Sub-Saharan Africa,2019,59872579
Zambia,ZMB,Sub-Saharan Africa,2019,18380477
Zimbabwe,ZMB,Sub-Saharan Africa,2019,15354608
Tanzania,ZMB,Sub-Saharan Africa,2020,61704518
Zambia,ZMB,Sub-Saharan Africa,2020,18927715
Zimbabwe,ZWE,Sub-Saharan Africa,2020,15669666
Tanzania,ZWE,Sub-Saharan Africa,2021,63588334
Zambia,ZWE,Sub-Saharan Africa,2021,19473125
Zimbabwe,ZWE,Sub-Saharan Africa,2021,15993524
Tanzania,ZWE,Sub-Saharan Africa,2022,63588334
Zambia,ZWE,Sub-Saharan Africa,2022,19473125
Zimbabwe,ZWE,Sub-Saharan Africa,2022,15993524
Tanzania,ZWE,Sub-Saharan Africa,2023,63588334
Zambia,ZWE,Sub-Saharan Africa,2023,19473125
Zimbabwe,ZWE,Sub-Saharan Africa,2023,15993524
